cookie_id,score
ck_315fb710a0e371e7,0.0003305432817086184
ck_a76ee3b3e3e522fd,0.08460561788808872
ck_94c9a4d382689e82,0.05839603424080521
ck_8eaf9509ad9462a0,0.0011471099204701672
ck_9a88a5a989cb5bc6,0.010647075240695554
ck_15239ef0689c1a35,0.017913412201039952
ck_8de69cd219d3b87f,0.40044422296108156
ck_f92cd37022b0ce21,0.02292121183724736
ck_1a3ff7620580a514,0.008853994687220692
ck_397c03aa33a57310,0.1443481271423743
ck_a7cf6c3b322f6b7a,0.008213911797235638
ck_c39a9e75760e3201,0.0067094186137705205
ck_88ab6d245228c38e,0.0008231184146662925
ck_17733f75ebdea93e,0.0031978224451193185
ck_58eb871e8d7bed52,0.0785086619237775
ck_e55b7fa67db1ec27,0.0018491293042907906
ck_62f5cfe22c952694,0.010365184715200862
ck_7fbb709a0fe95759,0.0015144196122438365
ck_87abe9cd066a20fb,0.03651420856393611
ck_d58e058b5c553dd5,0.0034186763732938627
ck_d27b872648b71202,0.004525214333755039
ck_4b4a3c5b95c55b43,0.0026408925727244717
ck_66dd4f4b4127256d,0.0006752202552542463
ck_93cc12703b500613,0.014394190791776068
ck_d28806a2179092eb,0.9978696278717423
ck_0595c2a0c7881e05,0.03596695859884049
ck_50087d8666191144,0.40730101469095054
ck_b08b3f089138c901,0.012149375494087858
ck_fe3b67041dad2dd1,0.003727586297687201
ck_8449a28f7d475d93,0.02430321598489113
ck_8642e3b6d84f49d3,0.012626476769071785
ck_e49b5e4f2f2e79db,0.37056078370945783
ck_437afe412ea4259c,0.09929545554119666
ck_569b83668d74042d,0.39369304420443885
ck_233a487d31c3e631,0.9946257222876083
ck_1fca72e03143a645,0.8911321369992089
ck_79205e31223df2ad,0.010612892013534974
ck_9625a64406ea16e3,0.006436640533991464
ck_079bd18dacb704a8,0.34924123054748896
ck_4db6d4fd2b49aa81,0.0400194864479696
ck_0dbefdac0a1868fb,0.005178393047133412
ck_24ff97ad90bdd69a,0.08206245617312455
ck_77f8c5042065d506,0.006256630636015406
ck_f11be8ce05382cec,0.014999526562876831
ck_c9d72140b0389216,0.04227588103007499
ck_69eda24e931fb36a,0.0005281111134224552
ck_ed471e496916ee15,0.00415137842296688
ck_ff090498c4b17ac3,0.004053663310994899
ck_c3c19d6a0720915c,0.0010339451677876645
ck_af02e1817cfa40b5,0.03396634412175641
ck_2df5a9fc87553eb1,0.00226951855549448
ck_4ac918e884cff336,0.04479092209344899
ck_ca149244b54ef3ad,0.0009040762504258066
ck_6babe5b8674ff51f,0.015548433423000553
ck_1573878386886290,0.0036386265968439114
ck_3925f8565abb7fe4,0.013002168695701545
ck_c4de808ae69c771f,0.0010147693556215322
ck_a777c813551281fe,0.004375621828575621
ck_df4424f6dd85080d,0.0798476938388618
ck_85e5494ec20383ae,0.01841331257678767
ck_f71a4094e889c3af,0.005584967760527816
ck_f2f3cf9cd23b2809,0.05116871635337644
ck_18e2076397bcc211,0.031708640493711755
ck_c9f9fddef39bc664,0.029993602658454282
ck_7e826e233d6ea028,0.0024509113681987914
ck_62fd7eb46bee9210,0.017098882154423907
ck_206f8e3cd72768f3,0.0283817303717774
ck_aa295a11b0a6ab36,0.0068967510816219605
ck_9a56739d81f84a53,0.009800817358288996
ck_aa075c418ed9fe5a,0.009818107948448188
ck_62b9fb3db284941b,0.009374402789758794
ck_f4f83b1403ebea46,0.009271024258109741
ck_16b66bd803288bc3,0.29235185465691027
ck_c4ca1434f3778f1d,0.9955376410019191
ck_1b823610371a29c0,0.008461046156991
ck_c2bd5a722aa637d9,0.0018872139602504894
ck_7890208951df34f0,0.021871505829774453
ck_020eb0e454524ecd,0.004175399340788461
ck_3b66196ccf436c35,0.010168533814384755
ck_109fc467ec0a4af5,0.17306304371474604
ck_f3dcd818db92de7b,0.018088519768006725
ck_31e7742f160980ef,0.04375158420263668
ck_77fce5f86f00b8f4,0.21234363555927982
ck_46bc797b4d07d607,0.002760681428716141
ck_37899b1b571b1c6b,0.019427025968332304
ck_ef8a6af43fedd464,0.002681680419411697
ck_bcc8519fe8521038,0.011449898959566983
ck_90696b7182dd9129,0.01247214888459175
ck_4a24ad61d017e1ba,0.020243005699331112
ck_0acc3d8c67218b9d,0.01503864539013192
ck_05c97fc9de11aba6,0.053551546850340505
ck_f8ac3a0500c0ec62,0.0066409095211534255
ck_617b65141f546a1c,0.0063235947673464165
ck_9d00823bf60388d7,0.039360944257002574
ck_123c15d93f1840f2,0.3360405890463578
ck_573feefba6bf78bb,0.07694241745878513
ck_b25657bd16739036,0.0060095143294169335
ck_bd26d2bef14a8597,0.004032235180523744
ck_a553418f2fba1440,0.01670694032076362
ck_89f3e380b0686963,0.007883210960897589
ck_b359192aa659bdce,0.050919567928009085
ck_02241f3dc301bebf,0.01453338784878521
ck_5ccc1a1c78cb33ee,0.03722814937026206
ck_349cc5edda1b8853,0.04716926797362447
ck_e9f228845bf6e28b,0.04059195681126531
ck_0a45d033d4e280ea,0.02452299922460303
ck_7e63168dda612235,0.0036597030228407664
ck_676fa5f6aae5475b,0.013186748481733896
ck_74b502b20690ccfe,0.015806036868295372
ck_073509af21dd7f5f,0.2837950446122514
ck_498a0acd450944d8,0.004423190178439575
ck_7f15b50b29dead01,0.01651876113527915
ck_8089fe7403c5f537,0.008366503536168466
ck_05b2b04e11d9ae9c,0.007197291064826131
ck_31e70f2f04b48b88,0.0019245046466584892
ck_994316fa5a02b319,0.0002682502416312485
ck_b76510998b9a2260,0.018526874919623588
ck_4db95c310e105d30,0.0018232978406797062
ck_6f730b77dc6cdb84,0.007724739683589562
ck_2493ee8e7b91d304,0.043237022541645714
ck_92d679d6ac7dcdcb,0.10053713674534843
ck_3a0e0200cbb185cb,0.03068038627293278
ck_0b2eeb4e00ff7955,0.04146919713860836
ck_9843d0e61c37ebe8,0.997325481440934
ck_e61c8721e3ef1921,0.0076983985698557715
ck_2e0eedaaf2980c2c,0.014819027929976122
ck_9036b2e5e9298a34,0.012109085223025583
ck_3265442528d51728,0.02090220392465718
ck_f2ddae2eb1cb29b4,0.008790838767514277
ck_6cfa71d27fc27f92,0.014132116314134609
ck_f3199fbe84a28b9a,0.03606932461426744
ck_b78d785ca3ef773a,0.005845934104921915
ck_374865697f1480eb,0.02969392817071447
ck_06d0e4a9189302a9,0.04249267831533771
ck_9c9884b9bcaa552e,0.2620033572209043
ck_fd4cf578e87703ff,0.018397881637128775
ck_1917ef3e6e345549,0.17223763146261928
ck_e70418b00cbbbac9,0.03387481626450523
ck_a60388296a47062c,0.026578647441576096
ck_d598fe8d2c779ab9,0.01288730227201548
ck_646dc03de4c31803,0.9001325807179408
ck_e4fd8cbd842b6993,0.003150406838052391
ck_2225b555aa2a42ed,0.04701780470918929
ck_6be8ae9d78148882,0.006367315524004789
ck_4199342d3aca74e8,0.043252661022924487
ck_779581adb573261f,0.010966349894990434
ck_bb303568b6915205,0.10160119981510368
ck_17c4296276448afe,0.0062225553299890875
ck_a60a61ac829252a0,0.005441032080032389
ck_6ea70950c1cae00b,0.9671719878552758
ck_1abb93f6924645e1,0.05328771473467175
ck_faab769cce19879a,0.02412482301651443
ck_d5b8e74e7ca6355a,0.028252973804440303
ck_f11f7691af16ad07,0.002877262532259461
ck_188fdf2be7c92e9d,0.9907038965405617
ck_4a103f8254b366f7,0.009815724246608768
ck_bfa17a0b1760e616,0.0005855249226660274
ck_a4d7f6a5869d440a,0.9765548238297552
ck_58e20f5a3e7f11b8,0.8456175652425877
ck_4becdd3d2696c7ba,0.006693435854331417
ck_dad5cf32ab9f243f,0.006181481764211971
ck_7d9f73dc7c4f90c3,0.1094221006254685
ck_c19371047a2d011d,0.0017264215652104042
ck_247589ff532f7aa8,0.005665540131949004
ck_7a9f241d5f082567,0.0024076682857440425
ck_0a2b7078736b4dda,0.00275022508823311
ck_687b412e2aac7eb6,0.0037464439647737382
ck_fce0b6855886a0b8,0.020600772882172557
ck_e291cc60920456d0,0.16612418931961223
ck_04219a7ea798db51,0.039310084873393256
ck_286bfd719836e9f3,0.09798715712440835
ck_55efc92394fee232,0.0072536852502274604
ck_e36c8da1bd359960,0.07538634704440146
ck_34b0988a97d96902,0.009096599084428152
ck_e0fb11fc9dcb34e6,0.0031285576742660615
ck_bcc9cbc9ed8b7c31,0.01909613873285975
ck_3df8da6f60a89a5b,0.024639668349408686
ck_b1495ee5c59a6b28,0.021047479673682267
ck_58f4c3ac61fda129,0.012866473763427715
ck_735f244b99e3aa8d,0.02727895195678931
ck_6b93bd8abf87b1d6,0.8709288731624708
ck_12107dacc6d05bd1,0.0041635778754753735
ck_f96db2a1f3448d1f,0.008280087976408852
ck_8fd91a3c99e19097,0.007116189549533648
ck_910205d25388a0ae,0.0004880054320241997
ck_d229dfa0e4442628,0.003068764544997764
ck_7cdec61e1c488798,0.04480441740262849
ck_f66f06e24ff32671,0.025431381888002653
ck_350bf14e90b503f5,0.010358218067162356
ck_61fff5fdaadd394b,0.006285951625253347
ck_e934f984bad2ff91,0.2972573551737214
ck_ff6a6d3547dd2d37,0.012774591522038794
ck_65ad9b15979e3247,0.01692257271391582
ck_bbe1a2ea5a403ad8,0.5279731721586927
ck_6f3a28eecd2c4031,0.006473042168151336
ck_a89b66665714058f,0.013588550516024317
ck_918c92182b6817cd,0.03907021210128577
ck_64f5eb4be9e7b8fa,0.12445125448375872
ck_d021fd497ea35fb2,0.025948391692761315
ck_004de16f7d8a42ae,0.02475414733858169
ck_a33d2325f86ab12d,0.021710549435247126
ck_89790ff26c844bc6,0.005112347189103855
ck_e6e7257377c37b28,0.10504934895479758
ck_a2cc3910a641a808,0.5173938185512188
ck_646e270e0195bf05,0.00638961323069542
ck_baba5d66def0d770,0.053655487762930894
ck_67cdcdda3033842d,0.019893260448435982
ck_b5c3075c811a2216,0.059221455564565824
ck_515379973a8044b8,0.0061675879816699185
ck_c0ce85fb4109567d,0.022751029172116338
ck_fef850553862aaca,0.003946102785880171
ck_55d7217b0aff9fa2,0.004535212213259497
ck_8e139f8925ef7968,0.006949726087046784
ck_9e35b908fca1e4d7,0.004069186642515683
ck_59735f4ab2ad3da5,0.029119397474380432
ck_dc569c1167ccec0d,0.8838241111228615
ck_1dade5592f90a15c,0.02878466538335073
ck_793048d11fb8b328,0.15756568803771398
ck_545b71eb4fa594b5,0.010036144022565469
ck_bd30853e9a57b544,0.018767596972523587
ck_59f46321ecf6d306,0.011615952000106206
ck_260cfe9141d249f1,0.22313900335837694
ck_3365a0ad1a8aa83c,0.005899647146659007
ck_b0ef193195a2138b,0.003708121901734359
ck_0f909705e2e60f2f,0.0038066862870523516
ck_5a540b75c866166a,0.010691990650254831
ck_87c26b2f41025109,0.9966783850137214
ck_27acc9f320cda104,0.20337025909510653
ck_a27bc31eecd9cb9a,0.014842781253549136
ck_115d86fabde77b65,0.0016222040798072972
ck_eeca179341d56f8a,0.545617178734589
ck_8e5999c436cf037e,0.0009844888452813123
ck_510e7c5df1f95d90,0.9880975396164041
ck_f1acf73363925958,0.03272536906171659
ck_3c177f5970b68bd3,0.009450669150854227
ck_9cdfaa1c30cc9d32,0.0013004328826575695
ck_c8efa1538b37c359,0.009942206207558021
ck_a8a2e296f9804bd7,0.027899639874071687
ck_91a0ca45f429568d,0.015963082927440565
ck_5fdf8a0bdbd3ed62,0.02775705311837232
ck_0f4e2ec66d50da5f,0.0029343980644873533
ck_28c53b214b2ee882,0.10489589451244155
ck_003148504557f720,0.11423425804628996
ck_01d840cffb870615,0.5260533432570118
ck_555848d51f4b5f35,0.03298826977645385
ck_df20cc23b8fb8e22,0.014705422758985677
ck_f9604adde929beff,0.004411553181722669
ck_d66952b03591bdec,0.004110686877887365
ck_ddcac1ab765ff61a,0.013160650564710268
ck_347386629d96c664,0.028469544186585847
ck_ab01db9117acfe3d,0.008833335679957225
ck_58e5359efc52e0ad,0.003010931995716036
ck_1a524b5cc8da71b3,0.11164996722080255
ck_e9287b6d909d731f,0.004211342584967189
ck_bb41a66e3d90263b,0.16643053424149282
ck_e95c8cc1864bd584,0.004159188638166633
ck_7a3f2961e9a8b6dc,0.0060985131044211036
ck_378a9df82b1e0bee,0.3597140313779567
ck_42633573639a3f02,0.9387310348160458
ck_2a5a4c18c2c7274b,0.010483222001160274
ck_77549c1a41f837c3,0.014827162064403439
ck_a26704b5b26258b7,0.0191928199070664
ck_9874ad160efddf50,0.0039054172840846204
ck_9111e3a04b14dfba,0.03553397477130828
ck_651e076ee43aea85,0.004892483299576923
ck_391639c0f13932f3,0.0030568071296375615
ck_02dbabda93c8c13d,0.019649230238095745
ck_0adcb1fffcb0a34b,0.04348965560807622
ck_7a43ef9c7b1c67b5,0.004662178588162389
ck_4b9dd69946438d0b,0.004808712844849453
ck_90bf017cdd37b66e,0.05998121575928165
ck_61c74163eb36556e,0.010562390945398549
ck_13376c59b5bd6943,0.0026950664455312446
ck_62337eccb1672737,0.013383799546680715
ck_16077934338472bf,0.002571302769817446
ck_0d4dfd93086e7330,0.020548673028768356
ck_3865b7525b910893,0.01944499256618872
ck_7e2ae8b69ebd5675,0.0028007320128683845
ck_b4384b6c11766ce7,0.010433487525372646
ck_3d7fa32dfb9fc692,0.06559512846101491
ck_f4a6a7cadd6e0603,0.04825795986859221
ck_212525e2828a6c45,0.011405323041077354
ck_33ad8d53394ba77a,0.40116729849170985
ck_a5051eafe8b51224,0.003390671661804576
ck_f65e5ff7da565f91,0.00972137923617438
ck_5c37f7563fa7591d,0.017419168790466715
ck_f1e0a006068aff29,0.01913827694697882
ck_c646cdead6fb79d0,0.0127849345334376
ck_f8b3cdffef535330,0.10513079368977052
ck_e5cdbe3aa12c97f6,0.009527774220128045
ck_986e4e61440506d0,0.079935158543004
ck_6da9c5912e15d9a8,0.004168327434872455
ck_51d842e6dae74c71,0.007428654643625288
ck_5fc65c24e0736d5d,0.9026203872616386
ck_babb95a76c69509d,0.03287907877233304
ck_86a2d852a9715432,0.010103534020940655
ck_db4083a0d043def8,0.21217632593662247
ck_96953b8945b7d403,0.01872956292034766
ck_7831ca5c31fb3859,0.05969492404153698
ck_60ac5e5f375daa38,0.00881383702042869
ck_05d44eb1f5f085ce,0.03047802066015387
ck_432cc19c7eeaa46e,0.02644614861227005
ck_7fc513033af061af,0.16074820058146705
ck_ada6ede84c111719,0.023150337194166933
ck_6343e0d3b1c2962b,0.015261441832595946
ck_010264ae04f2e902,0.0771274007919216
ck_e9dcf535f8c289eb,0.08289226355095716
ck_37143d9cc296e6fa,0.02281015267782025
ck_61fa051192f3e810,0.03977647916271951
ck_f9f93d1d41be1468,0.7260826629312838
ck_c4f4f28457be8a74,0.0007847571008819049
ck_323a71f9452d21cb,0.6456163060360129
ck_170f4688e0acd875,0.11315604840687862
ck_869b1878d09d230d,0.0942653157927409
ck_2f6b33bf46976229,0.003981365023676148
ck_b11e22e75d9b99de,0.0016128599565452
ck_123d75ffb75b606d,0.011067624531242527
ck_94295287a04c85d2,0.11590256484209939
ck_1b0434f096795328,0.00408163401068045
ck_0a4e191cd0a57ce1,0.004610692372916095
ck_d2fbd0df99634676,0.008558003139397611
ck_d51df5e9fbbbcc94,0.062280693087285
ck_2d3d7d64a6f443f8,0.00993999321749695
ck_731943c682c9394e,0.03694360141593424
ck_5ccc0c94e5e1f849,0.022900134914211983
ck_c3476080516db25d,0.017354837152837782
ck_5010ffb1c94187b5,0.0008865875181503772
ck_7ef666d67bc70223,0.020087331303862255
ck_c1b493527224a27a,0.004334519734657472
ck_5d1e25d7acc5af9a,0.008526872300909049
ck_ec30b61cbf517db8,0.002793825800889932
ck_79323eb5d2e5efae,0.005670269230550458
ck_4085cd3bf2661518,0.01017925856796871
ck_2ca91214c357c072,0.1328598400725235
ck_7f3132d6be389657,0.07929200302038704
ck_e7a6b925c8f39a85,0.030428635661089123
ck_c886adec7bac250a,0.025637260279768852
ck_c3f360c2d0ea0a37,0.017801176980943485
ck_a7acd5b015823793,0.015173595390176224
ck_9d64187c0800f84e,0.005162754134031807
ck_5d4ed73b9efd7d11,0.006250918763965891
ck_874eca6776b34dec,0.004501877901471671
ck_96a9221a87be93c3,0.06548102032851619
ck_68dd79a51eabf5e6,0.06359631740104554
ck_8311cb6755b2016c,0.005830313234250131
ck_16fc77b2bcf5ec03,0.9419015362937715
ck_ad9e2088a33c8c72,0.0007413958269802332
ck_7176bbc97b1e42a1,0.00611948240365521
ck_80dfa54b30f65fff,0.7915565638648159
ck_31c54d540b128843,0.0041832722424996515
ck_43ea894480567274,0.028080856533292987
ck_9c9e8a38bd5a6c88,0.05004603292779
ck_1c2dcae19539e148,0.056765628987169255
ck_b0fa8b84e94d8ae0,0.005289734301013317
ck_4ceb43ccd0a81c2f,0.006784248929754843
ck_ba845332b730b596,0.002740481249637057
ck_73d3e8c6077f61e6,0.19081672998244933
ck_b5d0d223ef56473f,0.03553852589168575
ck_949f08f8e80e93ea,0.008335022105009917
ck_73de0b49709e5f8c,0.0030953432067574215
ck_b5935e9722a39819,0.046709867208548854
ck_96247fee0eb44420,0.005716635143342695
ck_a6def1e4b2d57e0d,0.023345583834060726
ck_aecdc5a96321a2d8,0.00950730970748293
ck_bc61c59970f8de49,0.015417034191452086
ck_c43b4175fc9ac5bd,0.6486165766478885
ck_8ff7a9b23a55fd62,0.005404686457855777
ck_20c99b645f462449,0.004616220101642468
ck_a5ce2ae36fb410d9,0.0015114295069734239
ck_96fb9bf556842bbc,0.017852996126112172
ck_b5e4c6dbbed1b773,0.01790036801285779
ck_2085433978e72ea9,0.11207086421847415
ck_2c6b174b063ec637,0.03207081118726189
ck_b20b81b88dabe28d,0.004802299058348275
ck_243c18dbf150831c,0.0021597941532961237
ck_2bb6a17e8eee35cc,0.020714039290182115
ck_66147fb994495396,0.29646505964484976
ck_73f124f075ede0fc,0.017647014588486234
ck_2e315f1b1e533dab,0.01094271440185958
ck_16c7bf94ed3e7a6f,0.0027553626349611825
ck_4a0eae220a762ac5,0.03205734714038789
ck_dc16f939c2f44ad8,0.0801110585584682
ck_817926b449754917,0.007668313194398807
ck_0c0dde42ab64ef87,0.025066351103200688
ck_cb3a40594da6a2ee,0.08188387870583834
ck_d0dc156441fcfdcb,0.04457863229484947
ck_66f0945add423e9e,0.005030362889793294
ck_a74f6a3030f5d495,0.053153867088931925
ck_1ae460f331e49ae2,0.026739239895282978
ck_2d177b2f4f0b40c9,0.09973424911324694
ck_92e474e4368c4791,0.01519909614763874
ck_3dee83fa2d109484,0.0034742899600677052
ck_80e5ea27848069fe,0.006019014805013618
ck_ed0c4a83701ca230,0.016034445434979373
ck_0b8b7c5c581fd161,0.0007689928262832416
ck_60bf8a2870956fb1,0.009824994634769367
ck_73a54b56a2bf35fe,0.820491175644633
ck_2296d7a563424883,0.012986740006143567
ck_bc19c383560c7477,0.04812558230898586
ck_861d8e3d88f1079e,0.05755972854880505
ck_3f090fc96c24eb28,0.008596682004066804
ck_9a6a1f8102febfca,0.09443606532750709
ck_541b6ad5d2fa5a39,0.0112094366009658
ck_a760d38d1bc4de97,0.0045323445770074754
ck_7dca4d7ee10b4eeb,0.002363092510966632
ck_15220e78d1545e40,0.025813489836393328
ck_ca24bb0de508efb0,0.007240022220620285
ck_56b389627d8f02c5,0.9023656013298085
ck_48a6754977a44db0,0.005289190992695052
ck_333a43ec339a04cb,0.03072883858302437
ck_f22aacaf86a65d7e,0.14845519021781753
ck_04bd8a1ffaf3ffd8,0.002491695878235877
ck_2737a72de6b700f3,0.042085353707480434
ck_c35e03b0dd0c3454,0.027021164923111088
ck_e0571312f395cd94,0.03573799747490608
ck_09fab6b9825001b2,0.0016931164301999546
ck_18c3a095606209e8,0.020183189988584274
ck_2a97db9377d01e36,0.0031709341971478257
ck_f29dbbfdd2786bd1,0.021860799259252158
ck_35d6c510ad29362e,0.3088814536525796
ck_5468fa99c945d785,0.04862534306550779
ck_6f8102f62c876cc9,0.031140543512043508
ck_91955aab3424ad16,0.0022076563834229923
ck_9a43c0c73a39d759,0.030418518383016936
ck_60b023af6d1e30bf,0.7425746572305564
ck_9704c5cf8659cedc,0.017813246058003575
ck_7e5f02b51b9f78bf,0.07767154109933867
ck_7d3a88d1aa649708,0.9037850695084771
ck_8250eddc1ecb07a0,0.05047098190720611
ck_d979ef95ee44023d,0.02531769443764399
ck_5e5461dac83531ac,0.017386332840848038
ck_d1bb8890081e0a31,0.01285979027025056
ck_32246c62640648d9,0.0006987346509871345
ck_77a40c7d2f862a32,0.023767489477275895
ck_1c8b94efe9238f5b,0.004156486328347066
ck_eaf3b6d11bc3cb11,0.004256874827236938
ck_a4a7ef3ad799c380,0.006591555206577611
ck_d5bd8f68da073cd8,0.008100676713379239
ck_6e6258227fc8db7f,0.00276685439802425
ck_c35d444e05799db6,0.031018970264364842
ck_74665e1209140ae8,0.052267235043511884
ck_353a272478f7e903,0.011192202685649619
ck_a2c9796ea229a4e2,0.008877468841568191
ck_e0171f91cb3411fe,0.01664927950729531
ck_703499f5410280f7,0.0004661237993505165
ck_ae3a763997f8f385,0.06031633255923877
ck_f7ff94c3df5ac874,0.008676506296687678
ck_f3c16d8f747db046,0.012098658483936599
ck_7ef019ed77276496,0.005237537561969198
ck_d6a4faadab58a3de,0.0024509118376692075
ck_ba7b78d31d74c794,0.013538259665035466
ck_36287d063350ce9d,0.005899355069689513
ck_5177fc7137ff26ce,0.0007078566863489575
ck_dfd4e79aaa967b63,0.005146992303996955
ck_fb44d15fb93a7157,0.05508723061254261
ck_fca478361870a4ca,0.03062108075144725
ck_e57b94fe57341058,0.024590349593927734
ck_5448c946cc4758fe,0.027533169199500027
ck_c5ece5ffb8800ad4,0.005853875446703736
ck_11cb98211b2ed134,0.9400647113424596
ck_f655399ac75c4450,0.02129549671584837
ck_c817259019588d30,0.04575339280879562
ck_8740a14d8096c6e1,0.02450895104190517
ck_0c5ba86f4e05b38d,0.026271579930881073
ck_ccc917533d4b73d4,0.02018229599822556
ck_9eb80edfa43203de,0.005382997503931303
ck_d1a1cf4cf61d6801,0.01707078982441526
ck_b17c239f160e6017,0.011979502018494358
ck_410c3e13b48e0415,0.0024812665607604457
ck_ab553954435e8854,0.9143318510796475
ck_bdbb4230c91e1604,0.024025987273355295
ck_8fd4937eadd64fb6,0.008591608877843136
ck_e0e90b196bef3c11,0.0013465825415692563
ck_3dc4d464386f0eb2,0.17964440152297415
ck_51bbbf8f8e8ad005,0.9958437964166411
ck_c05737ab74cf03c6,0.05156769662500448
ck_dceabbe04d99afc2,0.0020617320098928714
ck_5b86fd14e85bc9c7,0.7201099383469179
ck_d4febf0083800424,0.025635386500326516
ck_77d9f86dcf251739,0.0091162124645151
ck_b4dcebc543deaafb,0.02902834609024198
ck_cb856e75c949b0cc,0.0004389293248027334
ck_61b067de8ffc1ca1,0.06051170151394812
ck_c0e8560ccfd9dd9d,0.0038383191250780306
ck_173e1198c341087b,0.0069927357749433846
ck_b4d55bc809000276,0.02119541599590035
ck_839bf139296b5cea,0.007543350792584482
ck_78cd402a2a4f2e35,0.005803858015241804
ck_c2925c50ebacbdba,0.005691623726749786
ck_5e3bc76eddbdb0a6,0.0025966384910134166
ck_b7793edca26fc512,0.02167239126716689
ck_d79bdf04d6f31cd5,0.006057497835213397
ck_4b97d19ed946f503,0.017609820262234118
ck_37139b41c5370523,0.01780329002244635
ck_8c346eeefa9ce692,0.02098606243038043
ck_2ab7eddee2d8c49e,0.0034099443052259403
ck_29da59ea3bffb9d8,0.12464354845527707
ck_c1d05ef0ec6e4be7,0.01952740207350938
ck_3882423b449f6291,0.7648351500522383
ck_5647030283171ed5,0.754417468923292
ck_efbdcd9c181e72ca,0.010787197458190404
ck_192fdad892782daf,0.06903796169221846
ck_0bf2e13b9f2601ac,0.047589557480659656
ck_3d6046a533057795,0.006497097869911738
ck_279a1d3a3836e5cc,0.1086174751923589
ck_c375e929becde422,0.01337421849712651
ck_a59e90219939a1f0,0.006304559264954092
ck_4e9fba1ec54c3ff8,0.012016454990339947
ck_bcbd8588a13f5eef,0.000981701910567091
ck_5f9a7ff990341bdd,0.0013622566177901934
ck_e0403d507519b7d2,0.0024993533965614032
ck_c9490cb61aff5112,0.02267750166359862
ck_41dd44308e6a665a,0.22493540424858108
ck_76c23726cd7ca947,0.006349958701606321
ck_9be551300209fa83,0.011512640618053578
ck_a98848eec6c9581e,0.024251310886328845
ck_61176dafb33b2d8a,0.8523477616041782
ck_92de019e05971ce3,0.03577598852993098
ck_5d644224135d7c65,0.01087596666608276
ck_c767fc454fa215d0,0.0025979999006571558
ck_5df85a8924e11f27,0.03333197540934704
ck_da2729307af06ed5,0.024513779878873935
ck_7c6b577174af7a78,0.009696571821442759
ck_893b8afbe11301e1,0.006194941413700775
ck_e06f6fed020ae014,0.007971827653659745
ck_386680372fb54857,0.0057037852874906175
ck_7a7f3c4fe0c9d2ca,0.005455988558779036
ck_f908b527c4db422d,0.044956603631103494
ck_ec2eee6a133e9a6f,0.051972334896813084
ck_d98934f9fe0b02b3,0.0016438636783041684
ck_398a1ed77b0130e5,0.008500010725786744
ck_d960af7a55b892b1,0.006290025520954893
ck_4637e54a9f79e2e7,0.0068081543843159014
ck_02b9f418524f6650,0.03323334432313325
ck_d4b23804cebb045d,0.026303775232639805
ck_35b1939c48182a9a,0.008813992303370988
ck_2dcbb71e39d64305,0.017120141677308742
ck_47a884dec960ff2d,0.013208673012782534
ck_71fd8c346fde5cca,0.060858977417874736
ck_98e1992ac8e7d2de,0.056311303079959255
ck_ae7780327e210522,0.010438025350394294
ck_e6c584b4b1ad6d9d,0.0107368788682674
ck_344b2e326a6c3dcc,0.007854281831063412
ck_9aa899a5230b0963,0.031355567800976536
ck_e48d14d5b70ef5aa,0.012602574211889832
ck_59d380a0973b3951,0.021803593059264496
ck_11318f7c041a5ba9,0.014321309731629261
ck_7061786fe2f22f5a,0.03221169690332025
ck_e77529651c416cf7,0.013222642689099558
ck_7f79878197340435,0.005168376149611218
ck_b0a0fb0ee9ebf106,0.014514275267470808
ck_70c7679199776a90,0.017546683776881115
ck_b9facd2210daca5c,0.058100651351195014
ck_9949f53c155b8dde,0.005518175119114706
ck_1c607e24f2c4397a,0.02641911257215611
ck_aefd1ce3ce093cbd,0.0009859547686021488
ck_5a29b7018e43280c,0.002565940515477464
ck_69eb0b2ccfbe5f95,0.011627187651820383
ck_fe037765aa465c58,0.0043770346710974494
ck_5e512ef5362a3dd6,0.007109405805182873
ck_544a9e80b7fdc279,0.004848491299749013
ck_7825494e654d5695,0.009799345444134954
ck_f1f2c3c623553f0d,0.0009513924127925682
ck_52730906e5b461eb,0.8705690376889581
ck_01e0689157fe9617,0.4647841737065157
ck_9da82e567074da9d,0.04283386947352907
ck_6a17384072f904c0,0.012421088449920773
ck_8d84d771a21942a7,0.0009430796802808649
ck_39638880292782a7,0.019866872948000047
ck_7d51c86e0eec72ac,0.015013229466672433
ck_45f4c821c70d134f,0.5950688843714479
ck_0af3c13ba56ce57c,0.0040267530708841415
ck_0789a05e061b2784,0.4046647654711554
ck_6ba091eb42ffa9fb,0.17590910308728325
ck_265accb3c5c32620,0.1704686302789554
ck_179039559ff7566c,0.017921446394057836
ck_17c0a6a92b5765cf,0.008448527352906047
ck_59371c9140239fd7,0.031569815697751746
ck_f9c4f8b4ce2691f0,0.015860601614061835
ck_a2637e4872cf4811,0.0574689457570368
ck_1de43fd6c6c22a5f,0.14322961238257056
ck_6e4f31bd108571f0,0.0015637222700539345
ck_da06d97db0b18851,0.00275718108747499
ck_e0346d5081e640e8,0.04935058487461083
ck_c1c7d4e62c9fcded,0.35240508030090945
ck_2595669e421299f6,0.024939623437014523
ck_3b6057d51fd4c7d6,0.004703409196139966
ck_c5f8ab515840a0fe,0.029860356994548008
ck_435cb24538c6f77c,0.03696942151610541
ck_d84b5403da4cea7b,0.02887030027068477
ck_c2b61a98d1c8f6dd,0.7542717187812777
ck_c9dcd92b2f836b61,0.09102145362159951
ck_9eb5b3f5f672c2b1,0.002531853539588189
ck_e4cf189a8d31649a,0.004947468917221584
ck_6b114f2a48152b96,0.0012644029758339355
ck_3fb95862b70f505c,0.03201855797276666
ck_7f780f465c29398e,0.011695322352049564
ck_ee387f9da79e67ea,0.03294477511414179
ck_fa3b1e85d27af2ee,0.03817342967411981
ck_e739eaaa7a1822f2,0.06009153762042878
ck_dfa0ac11fcb1dabd,0.0034845181224902144
ck_6e8751b571ea54d1,0.02304208806483804
ck_2d695f8358383092,0.03143027807327412
ck_e7dce27edb700f27,0.006530634663396633
ck_e322da8b213eab52,0.004269776846333271
ck_d0b32e039abb8200,0.002906949693775339
ck_b354003302b272ca,0.010009483348716167
ck_f7485cba392bc294,0.15378926791997247
ck_d6a290ff8362c7b9,0.17948473698903686
ck_c56a44fe315c0389,0.011864689964129567
ck_f77dfe6512eae322,0.039505348258554285
ck_35fe969c58b9e70b,0.06678423265988122
ck_4c518637db2322d5,0.047103805108518346
ck_cb61902798ecc4fd,0.020966028875944894
ck_56e6cfa32156a916,0.00521569173007171
ck_343e6ed2b9d35c01,0.005764459783379228
ck_51440f64f7250ad7,0.03975040764726193
ck_295bca29c34cfe2e,0.05886924868376372
ck_dd30558576b45e7b,0.0073300358078437385
ck_3a30132a57181fe3,0.04319552929746977
ck_4a733aeb833406f4,0.014539247017265172
ck_1b0b7c3d35ab1259,0.035813652519542404
ck_962c3bbf27cd4b80,0.04518178418575291
ck_9528e1d6b1707870,0.030201302602926278
ck_b3263e7f31aab45f,0.04959235439854684
ck_e69195a3c885053d,0.001964101652746725
ck_a907fa8795cd4baf,0.0013851953582368008
ck_205c3405045bd835,0.005120633942107603
ck_e81fc223bed3c46a,0.02457605300926258
ck_363751deae40edfb,0.1304385170792726
ck_6176baea8cbebbb6,0.011987411377856373
ck_633e6579f5c74a5c,0.3589305427194915
ck_ddc11fc481eef58d,0.019788930029735773
ck_e975002c979e12c7,0.04611305064716779
ck_8e039b23acaaac00,0.03029126865288232
ck_1d6990d94a4d2ad6,0.055432495510303506
ck_e7b583acaa3171a2,0.07640790818093168
ck_c0133f60d39b2fb5,0.015201257943209767
ck_7d6bff85e7a694bc,0.00794444626990751
ck_d305b4d82f63f647,0.004405317864615248
ck_22bd0fc71f95e048,0.0755565162943307
ck_9a65fcfc7916f93f,0.0009977293233830965
ck_d61c837b0106085a,0.053832856873998615
ck_be86a1db08dea456,0.027422111002726197
ck_90489c405e6886d8,0.0035076029253613967
ck_0add2c321d579d75,0.017139330257545056
ck_482dea6eed92cbbc,0.01426059926559435
ck_c24b47184534cc2c,0.9935958865190636
ck_fa04ac31e596e7d6,0.05399376516222035
ck_084322dc5a3a86f0,0.007795943427486291
ck_ccb72a33cc1877b7,0.014845043509741649
ck_afaf374009d3b248,0.017033432124607933
ck_b53084ffede19a8e,0.0027603209588196943
ck_4760216154c8cac2,0.5234169666461146
ck_37ad3a65db673e70,0.0036505296241338132
ck_0c2932cc0d553694,0.016778653759324004
ck_86b853c52f20fef5,0.006560549602504386
ck_38703b7546d35a80,0.025016116941013182
ck_218b7e6e6dbd2da0,0.0029309137172600264
ck_402db4184982fdf5,0.028516859628253313
ck_f917c82af80e4a79,0.11342525918835096
ck_3c6417a233c68c73,0.024119612072069113
ck_98068c397d70dd3a,0.03934906338493683
ck_b1cbd6679c0f8d95,0.007356142445786309
ck_9e962f9bb0e7bac2,0.010175105963969045
ck_b08247c3ad567d92,0.19582304101773976
ck_3ef7a03ebb81cfe3,0.0014460890855848357
ck_5d7ae0e3562e99bf,0.027728561780616064
ck_c91a628236baf91b,0.05181878742001483
ck_7f8e816ca51755e3,0.3371034883971757
ck_5aadd286d188f5c3,0.012209157237478679
ck_a037aff5f8128c73,0.007860122681277422
ck_5df6529ce8290906,0.004880508874421408
ck_5f3609511443e5a8,0.0034099328848973733
ck_a6f61864fac3c8fb,0.006219261046934079
ck_2733fc6ba23ae46e,0.012784774286617749
ck_22bfb9246646eb41,0.7738149780782957
ck_bfc2a57d8fd1610c,0.4224532312609392
ck_49839e761d0e74e9,0.006499463667352262
ck_aa4ba931dd37481d,0.006406135112817773
ck_2f9fa0d61829f815,0.0068142815672715545
ck_5b82c774df10d49b,0.0018159465475059307
ck_411219470d0a195c,0.015360933010450908
ck_d07485ba10514a2d,0.45716488406695815
ck_219bef979ee21bdf,0.0028437564893511883
ck_eb1006e7285184a6,0.027396921934004604
ck_fd242b18575e3063,0.04193907970295576
ck_95188150ff059c70,0.03219560247033371
ck_a9ca2f447b984a6a,0.018243467793057903
ck_2dd39723c4088b64,0.06876728006006844
ck_aa2b4c662ff213b6,0.01606324684019411
ck_1867b1199c864db5,0.06434984315673216
ck_850ec97a5a0dab9a,0.03163996386217135
ck_562320295fa35875,0.003097367001913987
ck_bab5759b07fe2bea,0.0022919518048306517
ck_b9f1465d803e57b2,0.1052307213673318
ck_8f21f2690c32c691,0.06816396597698088
ck_df87d6f61a63eb21,0.004924499716087539
ck_770475876d0e7e6a,0.00600720271919183
ck_b4c014d5c0cc9eb2,0.002498528015923821
ck_3add4d23124c9290,0.002700896778217416
ck_bce5b7fecfb6264d,0.04616449216464519
ck_604c17cb97dc89be,0.06412303766729206
ck_e52cbcd9aafd26b2,0.003848052284511103
ck_0ac9114076f5bf3d,0.012794521570097755
ck_dcc125b178b79566,0.0028620755728035316
ck_4e333c09f0c37dee,0.011569144424055723
ck_ff7e31ff8ba731e5,0.005766964617684292
ck_8d0532d24f1070d1,0.0022225086901366056
ck_3689fa41748a6f6b,0.11521120852794021
ck_7509eb97c1948b16,0.008120252298041574
ck_a9161cf1ca22a6bf,0.009601070921837512
ck_bed3e3db135b782e,0.041874270168684016
ck_9040edd974ef8e3f,0.6141802953774417
ck_fac32d76ed40f683,0.02854069133607095
ck_3d7b1078e2d57c69,0.0026190540924344286
ck_dae09c4e074af5dd,0.0534546513824137
ck_fd84507228467b40,0.052818580541797305
ck_e2a2ce9b8cf44c63,0.007917754304208845
ck_cbe716f351d660d4,0.01690724938129066
ck_cba4162ef29a6d27,0.02374533366865285
ck_4f1e962ff8a29732,0.0026300614690505345
ck_39a81899dded61e4,0.00468607427443625
ck_25382331551d22a5,0.044202295891808886
ck_6d64e1c07b19856e,0.004632143072947291
ck_165a868bdef28ad3,0.05433298430712
ck_88774ae52e30e877,0.01612956282431596
ck_fc7a9d0643570053,0.003746038434337834
ck_c2017120b3b88a46,0.006768334909232677
ck_d115ac6b9fd62a7e,0.006945418996586825
ck_439cf7d51ec7de0f,0.007463257727630293
ck_2468a7e9e68a0927,0.008541050833556222
ck_7c418947124dee8f,0.07443342222679011
ck_fb0cf32c4a56f740,0.037917661925767156
ck_694eb6c43193afd4,0.01363181321184985
ck_993beb188dd4abb6,0.01751784393895996
ck_77fa39d3b733c226,0.12512858057500234
ck_49969a9abc47cb69,0.01720892815803056
ck_d3f44bbe2f7e9b2d,0.017150594734451838
ck_fcf5b8216d0c18ef,0.0023319453590786143
ck_daefe1e2d2bc362d,0.004785913778433409
ck_9c9287cb28950eb6,0.02759368901646011
ck_c1d1a625b885a975,0.01732654748606775
ck_71b37fe47490b4ba,0.0015231703006357998
ck_5d16e257c0635f7e,0.2401347809574153
ck_15918075563eb074,0.0029909508902713593
ck_9a15fdefc47e8d11,0.005462687683980881
ck_6f04d047d1dde75e,0.0005168080156814229
ck_1af2c0b3b8d202c1,0.005901597304974738
ck_174be2231c5fd2b6,0.0019309185520998892
ck_bb0713a2a1d65982,0.011473622683952007
ck_0daec63bd5b0729d,0.014351720567006303
ck_c0b5cc3e8ad2ff44,0.037027524194296293
ck_35bee1fc12664644,0.1947054083103014
ck_a1c7cf63467df4c2,0.0011876141612443259
ck_ecb1e15f0b185ceb,0.04583254143978863
ck_f280d31f54a4710a,0.027476326931312516
ck_30f4b2ee8abe1342,0.3712981739577632
ck_66bed631354de5b7,0.002882698139601702
ck_c2d3ecd7278eba2c,0.0021001709634609696
ck_e901dec0e09eccbb,0.005367215804903669
ck_5d038ecb3c8748a3,0.013916404877809312
ck_283c5bea94b21e80,0.007118819246921996
ck_7956c251b85f009e,0.734401744658225
ck_9f5f81d771146aa1,0.0015315770848665403
ck_9323e6fc1e168eda,0.7738566544875766
ck_10495d3a635b8d69,0.04368905838130982
ck_1982d571cd36eb0c,0.012833137702500733
ck_4f5d7985bcc2eda4,0.0039922532767243625
ck_7df526b2b4410bb4,0.0412439650529066
ck_dbb498b1a346a402,0.0016974182039600056
ck_ef059997563e3330,0.004003996004440312
ck_02ec4e06709e6b82,0.0009782336059518512
ck_9782c86ba6485f88,0.0035337670448040088
ck_d69de468b44143ca,0.008111759978795393
ck_6430a8792f400e0a,0.009758322590917686
ck_8285bd3c90af94f6,0.013037765966798854
ck_985c9ca112000e9a,0.05800698418577688
ck_e679fbf4f4f4aa07,0.008805917260688294
ck_016e8c8eaf9d511b,0.055556912006737534
ck_bc996c523944644b,0.05414459888529374
ck_5b8315726f6204e0,0.01402298183744467
ck_78181f8e998e442f,0.0020501665230017235
ck_71c68dfd011dbbbe,0.5927915775059801
ck_db32c95ce2b6f502,0.937936201461963
ck_755010362a9b1bc4,0.007164383779652257
ck_114141d85256c9ff,0.0005106053010685442
ck_9d1a5cf5a3b87e48,0.014040360636234223
ck_ab640420858ab5c4,0.21618123719222462
ck_97a8dac48dd62488,0.2201070738810649
ck_879cc3166fe1bada,0.001437888338824529
ck_b0ed11080076e381,0.0073466631939696206
ck_7334a9ec656263b2,0.016092038824442653
ck_6494f0ef13ce44d9,0.007277577824933072
ck_724e459b9ece38f4,0.03770824275939109
ck_7fd8b1470401695f,0.7001350263455297
ck_292f81186358b0fa,0.005288534344943315
ck_fa7de64d37287615,0.08061069338785608
ck_d00e09e66ed6458b,0.34983083302240464
ck_b8d210e741be186e,0.0028924887975269984
ck_3db59982cbae4410,0.043572816226077817
ck_69887d0a9aaca6df,0.0009958857429161773
ck_4feb21e2fb0b3977,0.006096800053569156
ck_08c6cc1e143475e3,0.011298127515451685
ck_fe6e168cdbb46b9a,0.07407991596720724
ck_07f1734be7fac56a,0.024406611268171476
ck_d66d59981307db93,0.039947963147295505
ck_f928dba0d587d7c1,0.003554623260102874
ck_786448fe3004cbd0,0.0014347564997984937
ck_29ea329fa40ace62,0.02251721356492801
ck_7ea52b6f27edcb73,0.06619259227014809
ck_18bc51bbf3ef198e,0.05602834539652698
ck_44950df09ff14ded,0.0025410880036267555
ck_c1466b52c0a10b93,0.010384000327636977
ck_6cdac067cc4db5c5,0.06973779020129371
ck_53f55c6e8cf2d432,0.002958065186890747
ck_95945f48453ca532,0.09132851210792056
ck_87cce4126e215153,0.015103837580923849
ck_1ecd5516c92caa4f,0.001156832651806158
ck_819b482bca14c068,0.3013260570877891
ck_a61a879dd46fc9f2,0.016417700632379923
ck_af70aa32c009c3c9,0.017589066970083122
ck_f4fe78e249092ab1,0.034097863114230714
ck_12c46bc52bf45b36,0.024553110186027165
ck_f05f5e4b40afa52f,0.0579357450004641
ck_0f8cb09d3f4fc980,0.05011712100930859
ck_80a64a7f0275a71d,0.005821353398757307
ck_683af7b1540a0b22,0.018131408840244653
ck_51fe0b613c076cbe,0.013201518871946554
ck_da1a2450219dcf19,0.06870440227763162
ck_2a7eba01ceba6c2c,0.03127829662746643
ck_4e329e29dfa743ea,0.2787189521895666
ck_0274d881d6db82c8,0.009894431212705126
ck_0af5b7d128035b35,0.010002422732576653
ck_ae0a7be6b0a0ea68,0.022281251810596002
ck_de5bb7a4d091386d,0.16537309270914954
ck_2bb7c17168a9d17d,0.02969916497543538
ck_0ffdff7b2f5fdfe4,0.00286929816228638
ck_718a8390b3d42d7d,0.014048064351700931
ck_7c4f12d70f184533,0.0010061495351630456
ck_d3e2c26b8adff099,0.020967598173470065
ck_ac9d3d9754104cf0,0.005349479736624232
ck_3b1766a1d51f8f0e,0.2712410852653501
ck_a9bf75bea912027b,0.05972615139521383
ck_687eab3ffe1f8cfa,0.01426032229142956
ck_25dd0b02af5b2f37,0.06808678502723595
ck_1747fcc466f0ae38,0.001945348012249636
ck_f6e9d14dfb6f3c28,0.02319307426084733
ck_c6a7bbd0adc4d5f3,0.032639140855447765
ck_46656a23f4456d22,0.3914234208638587
ck_7519260415c2998e,0.012111530609908215
ck_754f30ea19df857c,0.040735684417714746
ck_ba88a244d5f7380f,0.03464884616384632
ck_f268416945316815,0.007927799724511131
ck_21860dd2159dff28,0.0023079419450098195
ck_7a86ef4e2beaec38,0.0002763306384033112
ck_0414507baeea936a,0.010695071008424364
ck_60796eb60fc3043e,0.00356270682315396
ck_1e0841ed17fe0562,0.02010023845241789
ck_0d641d32658d6e0f,0.002293318359481929
ck_b36086ae6d87eec1,0.003575768015460214
ck_962e65ab33b5c311,0.8838728846871625
ck_b046a42684468e63,0.019555805967653484
ck_ab3426435b0017d6,0.012507560870061612
ck_fcfe06e44d09a344,0.020205755919464902
ck_0f6d916c92189516,0.017071308802374414
ck_d4c8f0d957c3965d,0.028911456816121412
ck_2ca83dbd728af019,0.003342707617170912
ck_2857a4ce9f72fbfa,0.0010241024858548397
ck_a60e6edc48e3d0ac,0.32631392005132975
ck_0cbd3b27063d4415,0.10966634296795533
ck_612089ec90c37219,0.0402347463439026
ck_ec4e597f17f473c6,0.004446516804092564
ck_1c93cc58f314bf71,0.02820124285049279
ck_2b359a979520276e,0.013999882398200254
ck_1496568ddc3b2d56,0.027061711736892747
ck_41d91dc9f5063566,0.026174683415975973
ck_4c5ff58afe3d7a67,0.0043812617327249285
ck_81709736281fa3eb,0.0018950869521041002
ck_d89abbab3d4957aa,0.006060165666718397
ck_52453401f88935da,0.023520715950152298
ck_a477654d34783e06,0.0053987966708271915
ck_72dd0dbdf808cb00,0.05214622071443168
ck_c183dff3781746cb,0.08214165199806833
ck_c8b7f241810b45e5,0.003186532109746259
ck_f88028c3f306bc70,0.039723553344677226
ck_91d48d69e4f5d9c2,0.012380376306062058
ck_b74b9ba6d7c9aab7,0.16511536409684283
ck_03e904682dc73bba,0.016256893687643503
ck_fc6fed6ea96a004a,0.009018285087999503
ck_51efdd240e34c642,0.08235089383916888
ck_e78ab4ff52b5fd2d,0.00691384933060416
ck_4af7b97c24d89a45,0.04481932559518339
ck_295c0072eca7f7a2,0.011442942221574758
ck_8abd1a50a9227463,0.01511842305160861
ck_ecaa6f13304e3dc5,0.002141806993489248
ck_de436e7b319be1fa,0.9958240088152878
ck_c802cf8f61466027,0.002077856498348565
ck_3d83e0a3c1cfbf8b,0.010052969479328681
ck_28d2003c2d16e4b6,0.0011399442432405405
ck_8ddaf745bbb9cd62,0.0022271832970395347
ck_493b6256091014cd,0.02118467021555513
ck_a2245822cfea997d,0.0018730433176883136
ck_f7305b3c64cf8a03,0.03823051892196085
ck_9937dad93a0ed3c1,0.0058596259141555475
ck_d654449f9231ad76,0.004839028473983661
ck_850e2b59bc535490,0.03694376339676895
ck_e55e5bdfc0242aef,0.04647977963937479
ck_d35c51e981b98c5c,0.015574783155943935
ck_27cdf9c5e6f0915b,0.024804150408032497
ck_d328db1e1052d820,0.01436107292790569
ck_0ea30eff5f361cba,0.005159990538218451
ck_9994323f97109f4b,0.9887906422211965
ck_09054e97bdf9624e,0.00407119908450577
ck_723b4afc388113c8,0.006398804549858432
ck_588f6e6a6a6d93e8,0.02052596139203309
ck_e1d563fab4d6116a,0.002572670004128067
ck_53aca610e20598bc,0.014905481060167442
ck_c8131ddc7ed33448,0.00769681475137827
ck_899f88464305824a,0.01297334574485193
ck_1c17c65804f8889e,0.01207394305018043
ck_45a16ce12893cf9b,0.015146635840438993
ck_f9d481aa4f9b2808,0.8135740300796308
ck_1d5d74169cf892ef,0.01110359676121375
ck_aba32acb61c1aaca,0.031849051770504684
ck_ec4dd3675a8d28cc,0.018231735888038298
ck_5dcd443fe0bbdeac,0.0022626400176142107
ck_3a47e3f54475e854,0.004675428212253504
ck_a9aa5c344c315532,0.02075749052345362
ck_9652283c9f61fcec,0.0009963799202356543
ck_752dd3d2487f78ea,0.015142315979051548
ck_a821980ac4db9943,0.5118839083745911
ck_93e0d6befb67f7a1,0.04529729066665102
ck_e7a3881c3e36bd51,0.1602197294303428
ck_12631b78f8a03df2,0.0021135649240014375
ck_57b8226610b48854,0.006753743193589361
ck_352657008983fd4b,0.014793717135391297
ck_0841a5c24fd3dd28,0.015964929101332744
ck_db9b9d5d30f74070,0.028840137295234654
ck_a9dded7f6294e44f,0.042686803345535505
ck_91a16336ce3217dc,0.06462439591570926
ck_371bd9388b287677,0.0027656937123306633
ck_f285e5e1912a7c62,0.0035152370486584853
ck_368b65fca69fc415,0.04583984888085906
ck_d27a73596b6500c2,0.020785972930161364
ck_2d963f9b2c4d11e1,0.0991999856629038
ck_7c500e219af39486,0.008361366468457086
ck_7d025dea5951cba7,0.005207838145189423
ck_32f632706608859e,0.004829371172207928
ck_53816231f3ffb48d,0.010544888053402545
ck_9dbe184e81c1ca8d,0.20667124014530866
ck_d74123617f22a21e,0.011446082164256265
ck_275386782b1606f8,0.008342079813175451
ck_0b0e79d33e50cba5,0.003965393290523631
ck_ba93cb604f792915,0.038874768346986575
ck_a86cd653472eccbc,0.020951276368185348
ck_87771861e0447210,0.06393567695952712
ck_212380e0371d8a6d,0.03466313840451252
ck_ef0d702d7b0ed745,0.004641894748323709
ck_2b8f33e22f939372,0.8069171557894451
ck_480347ad92037105,0.036376707357861214
ck_20124c3a16c53ce4,0.003894940009453562
ck_c9e1e3229baae708,0.032723534443075596
ck_b1befe967f7a5ebf,0.0819817554965913
ck_4672167d7c989bbf,0.052772331357859234
ck_f0c44ee5e3a42e3d,0.02685671412592075
ck_c416357d20238a4e,0.00840453583995596
ck_d0f470f8078c91df,0.009485329656009471
ck_3a70b4ee59084715,0.011809330537573229
ck_179ed66cdfc1ce27,0.002836788574300463
ck_387e5a7f163c7837,0.027386799159111526
ck_08fb463e69f647c8,0.9822674602797442
ck_732f725747393ec8,0.054247634559157286
ck_7cc5e0fa3ca5a713,0.0034734001956654844
ck_ad4a4daa826ac68b,0.029836567360437664
ck_472e0be7a3b533bb,0.015269920211474325
ck_7190177963eafdd9,0.03165934061143465
ck_647ac26c5900f082,0.004519692653335096
ck_272ae2179bbd8e58,0.004548781533092265
ck_09b0d8af304646bd,0.0011188449808279917
ck_ca0cc8ea9f344408,0.0035491852670648267
ck_332ad134fb909869,0.00794579950208643
ck_fca2798914627dc8,0.12154507237324108
ck_4450b55f462ae134,0.0037226359656874824
ck_d67d9dfb60b286b9,0.0015223729222738859
ck_a9d2bb4f2bde7052,0.0066551425753923945
ck_929bcae878a3ecb3,0.43380167913085704
ck_59a9e000fa275e1f,0.023321564614914823
ck_57f17254e2688637,0.01115849718550127
ck_0508908697f60ce3,0.15777666614033803
ck_946afc2943298d26,0.007018883035863672
ck_7176d12b18f2cc0e,0.024812216535836287
ck_5c47b49c26cce286,0.0481480739060579
ck_b6a2bdb2d335e1d0,0.9934031412322923
ck_1d58f6caaa4d012c,0.007806879354560216
ck_71c917295020ccc7,0.007536711284985147
ck_bc89644ae3688995,0.008219613374824795
ck_e7c212f16d6df272,0.029146609116974073
ck_c6d2e11a368184e6,0.0025313213468602627
ck_eed7f1f7548df15b,0.01191425565556026
ck_75b69034000ca7bb,0.042329011110195124
ck_38da3bf629458682,0.002514763221106392
ck_90114c891239d821,0.0026253129621811753
ck_8ee08f6777cc155b,0.02730527355466802
ck_bd86132499defcd0,0.018931197802598006
ck_b95fbf2b5640aa82,0.011228962673755406
ck_c530235393360e3b,0.018509602212670513
ck_be52a7ec43241ba4,0.034974195191820566
ck_d96eb3cc55f2772f,0.013124568343351411
ck_dd34f0a844fb115d,0.03873487821260048
ck_17cc7b411f448e66,0.022213163587417928
ck_856ea65fa27d06dd,0.04754918002827115
ck_056d5f0301c30902,0.27113102683701
ck_e662b14b2bab23a2,0.0957893510677403
ck_209f574c8d92274e,0.006143830107376952
ck_62720b81617896cc,0.010473807825616502
ck_041614694b77e599,0.003141037138269191
ck_461e3f7b97db8d16,0.03208904169350187
ck_1b74b798eebeabdc,0.009221254287470147
ck_0ed2739384f1d644,0.004662417554420185
ck_5a4d19f1b83feeb8,0.007411381153644723
ck_463937167965a1f8,0.020356723683660663
ck_9d7151dbdf100e0e,0.013464756273870596
ck_20a7d1ce6cc27312,0.004801911350307472
ck_6031211ff118cf0f,0.0013067663619872184
ck_a6fc92aa91e99b77,0.9855610436327252
ck_0aaaa9d2f75a0518,0.02778645680768591
ck_ec26e327cc1848b2,0.0029953523556644555
ck_0e6bebf8ae9b9b03,0.025643388713509317
ck_e107537a4cb738f4,0.008262179795805935
ck_e8ea56e122a5a487,0.09586487868199847
ck_98149ed45d38c4d3,0.0305834711069611
ck_0e719b3a6906b8f1,0.0008964067260622179
ck_0c6e7bd357e4a348,0.001051583998899259
ck_d3b2b250da61db19,0.9342719005541718
ck_8bb6b0a292754576,0.08372503140871351
ck_87d70f5fe48a6128,0.022623570198695837
ck_ea9edf9c107d429f,0.009638465268161651
ck_059806c52cebe4f1,0.3476042410813692
ck_a72d6df666e1c21c,0.025286724064131086
ck_1d2b80ab6c4944b9,0.005997773025638755
ck_60557f077abc42ca,0.2669969316140588
ck_e5f5cb7dd6ce4a37,0.018146889424654835
ck_4c4a939154446053,0.0035639360351662572
ck_50ede3eb561a202c,0.028588018721569988
ck_6d03a542922b2ae8,0.004725883339934715
ck_d6fe761ed0db3270,0.0413112091933453
ck_7f0cd6ea3096f985,0.0071543195571644146
ck_23edb6d938a3b87b,0.007341677026695005
ck_799aaf9f2b9ef621,0.014545619108337422
ck_f8f6a03613b6dda8,0.0058931766012451075
ck_7cffb189f4f514ec,0.9627556038343118
ck_c081e1967dcd811f,0.02934275980610423
ck_583d6ca78c97d91e,0.3440508221340118
ck_9332bbc7125219a7,0.010557522787136323
ck_956b5af6d7d86c65,0.43624035882106466
ck_2d634e3f24681c0f,0.08860108461978404
ck_7b35d218ed0c5a60,0.0068971467080700885
ck_ca5b1057f8248f73,0.01166352257134869
ck_ec5ea81cf813597c,0.020035032446518487
ck_eaebaf4d28400fb8,0.031647887631462986
ck_ae2ab6be219219aa,0.008915186027297137
ck_d99a8b4c820eb46b,0.008757689539089288
ck_bcfb7ffb7cd428bd,0.014492687755825493
ck_3dd542c2d31be2c0,0.010046361819959373
ck_c7dd84401e29a7fc,0.001098718226403031
ck_c4bcc7cefd40f8e2,0.001956840655970609
ck_c251898b5d51e3b0,0.015721444882705764
ck_36d37be780c1291c,0.0011539867093410222
ck_99b4f266b61ae7ee,0.020133534502783608
ck_c37f03995f0f0169,0.0023223808727446506
ck_65a23ac8e44eb901,0.0027917217329565514
ck_644b1c1149eea9e0,0.0218328995987584
ck_9cf44eb0237c2429,0.004226007226431291
ck_20541686a94fb71c,0.020070599840467086
ck_c18245be844680f3,0.011041942427588472
ck_56de216eda6b7fa6,0.001059933567344624
ck_406c4442dee45cd1,0.0019314699293905603
ck_df1585c7d72a96e0,0.006804818905941713
ck_b8e8dba20676d87b,0.03855580856062926
ck_0ee6965e68efc177,0.021303672591713833
ck_c2a5c54ad8d0d297,0.0229871126785463
ck_bf6fb7e6470e95cb,0.0006400806349093604
ck_27fa694569140345,0.00048324260831547573
ck_e04166b0ce66393a,0.006253490629121787
ck_8742114f4f0cb22c,0.10704583943662808
ck_6eceeafd56b42576,0.19077503897984943
ck_34f9951b0eca1965,0.0142655546863317
ck_384ccecd342a24ad,0.0037531631303404675
ck_49c98bebd1338879,0.002118074962027277
ck_6c26c12071c91ff6,0.0059276352498097455
ck_01e5986ebb9a78f1,0.01823748756695481
ck_121db7ba3be29ee8,0.02473534770887628
ck_039e6d5a330cea1a,0.1446217907158812
ck_ae8c9163cf957d7e,0.007713422501271859
ck_3f5e8f3f1df0c8c7,0.09845917329592092
ck_b1c51fdafcd80122,0.01813938683373841
ck_12e2b5ebfe8986b2,0.007206869408760296
ck_d55eb81a4d543c59,0.024088138035128916
ck_f85155ca5c312c7b,0.010555384617983323
ck_133d8a1ac7c0e301,0.9840362624821778
ck_04212a9bb9b28696,0.9970169722895068
ck_4cc11c7d3ca61f73,0.009441584725801038
ck_2df4854186ec515b,0.023098365137552885
ck_aa9b28e7fc43af79,0.680656427557129
ck_47cad6c3def4c9e4,0.004281523932335533
ck_fbff7b5da8111567,0.007942601299598583
ck_bd25ea782e375b22,0.0310699780999429
ck_7989376f8cf64a9d,0.013849411465835904
ck_675c0ca1ebb1051c,0.0033201155018370053
ck_1436f6e11d4008f9,0.014856536298188984
ck_812cb3a4482cc618,0.022422308146137084
ck_6e606f73a1094afd,0.01177137180103326
ck_1b708e2a4a0584dd,0.019293746336988358
ck_a60d6b324bae0330,0.008948848467530735
ck_706a4f673a9fda3b,0.5275476298250674
ck_a75ece9a9044eed0,0.0019548924465335534
ck_9aa45c4e03c8c57a,0.04948172926111884
ck_9fe9bdce982b312c,0.0735481847401468
ck_c6fbdc5ba68a8466,0.023313466294050678
ck_ed0cc1b1c28f9511,0.025972963924759368
ck_a4e2607b4c8021e8,0.000668887816164919
ck_e02f93f51cc8caf3,0.0026261068750526627
ck_7084ed3cf20781b7,0.039689998814151285
ck_cd4c63155570d6ea,0.0031987347591066087
ck_d1b9e5d32d2d789f,0.0122712345940386
ck_68f56f6560a7a933,0.0019019154884808323
ck_8bedacc6233c6269,0.02703877417822449
ck_ab7cb50407d6b13e,0.03764344147681272
ck_f17ed7e0fd687742,0.08471425107470731
ck_b0fe4b92fc70f72c,0.0032960421696947707
ck_84d62b8196da2452,0.009958869164253743
ck_9e298cae167f4693,0.007021129730587774
ck_405b20ef9ad0ba5f,0.05457687521068846
ck_813e02e1ababd177,0.020888625071539584
ck_f234ab47061ba7c0,0.0012591966360429566
ck_22b587c18363899a,0.01247023234293208
ck_4e862c2f48c38aeb,0.006244657180055041
ck_b89cb90a420c9075,0.004449797582463084
ck_be2251640f27a3c9,0.13931977646461863
ck_46bec0bff167ed3f,0.015615538479820402
ck_c0032232c2868328,0.005798956165586253
ck_030cf09525dba4ba,0.0017312342116890447
ck_6ecf56236789fc09,0.934203997274009
ck_38d4ed52cbe6d123,0.037912579336664115
ck_2d923d957ffd4d53,0.019968156916471247
ck_3af1eb88728ed8c7,0.008649842275947747
ck_2f8120ca80a1592c,0.01738020924275771
ck_6cabb1a133f0b151,0.013639585639373099
ck_bb6cf7e7b707731d,0.8009640905165959
ck_c8307fecafa90140,0.013889340691704662
ck_75f968be67f46d24,0.027560507011036687
ck_df6fe4ec5a233213,0.005425381028741127
ck_b53e88c0e927d896,0.0009868259004115745
ck_f0093064aa28f4d0,0.01891707625699005
ck_ec9976cabc63ff92,0.0037434081763619
ck_30dac0a58c5590cb,0.08037608946950814
ck_348a525791ae6475,0.033238412073946164
ck_b898d912d1181ef9,0.02875370339488835
ck_f5b1200dc6f95760,0.02243087860459699
ck_54978a073e7a0b1a,0.008309039236613476
ck_55933936536a4071,0.013117721462771985
ck_d6ba7ffd2ae08863,0.011767333118030267
ck_404e2217fd87fdd2,0.0031777716395310776
ck_dfaafdaefa5716b6,0.1080729696525
ck_556c62e92d4e7e5b,0.06464366494677452
ck_7ce44f4e06d58111,0.26137783192174285
ck_465cb8ce232c7670,0.017118670892814995
ck_237508ca4fb37268,0.058380617690239466
ck_ba4a6b9aa63964ef,0.02039313262783475
ck_4802a0a7a1882c88,0.3575210997801501
ck_9478dfe4114c30f6,0.00515396654151951
ck_5138f6c575dec64c,0.012609146922866665
ck_aebb42afe430e2e9,0.008024844066666639
ck_004efa95555437e9,0.005292705346561019
ck_11af112667c98394,0.01773742959539031
ck_44e9a18a8645c9d3,0.00731554796272533
ck_2605fd571219e28d,0.0003815807154714775
ck_dfc933493561d84f,0.007458734856324858
ck_67674348e68d1f25,0.025429999328685733
ck_dd97429277a2fa00,0.0433674164814649
ck_d3eab7a06eb48348,0.02518806170603698
ck_0b9fcff9667ec05a,0.012221555289688829
ck_fc4bfd6e739bddea,0.003585146363786619
ck_43292f70a03ddf2b,0.054993086686642406
ck_5ff6108056a3fef5,0.005992389255153393
ck_767e0be086b5f601,0.05452575032559932
ck_b8465b1a5666155b,0.06725061904989914
ck_ab2e3fc56f5b3aae,0.11938727248176809
ck_1833c81d693c1e07,0.9414674627926244
ck_0308e0602b856445,0.007956962646361507
ck_ccbdfe744acff8bb,0.045509188980303164
ck_b294aa27a0b586d7,0.002313747876769371
ck_a3747201f377626d,0.9373522543056567
ck_edde1d7d1db24725,0.03547604986412452
ck_ae3b47d6e1063704,0.0195983801164105
ck_3aabf5e0f4defb41,0.0072801214978913936
ck_f034adb57391f3d7,0.030499272466403465
ck_533672fb40531607,0.20782843931537132
ck_2a244f1ae08ef83c,0.06214544888112222
ck_a35d81bcc54ece2f,0.00799886375308948
ck_78a61215675b38f0,0.014829242577537777
ck_e013d88ea7939616,0.023618560335846403
ck_e5018f9418e0102e,0.044054376338807835
ck_d4e024fcda401a31,0.0035955237910560503
ck_f736cffbdb82db34,0.0013641878905204874
ck_1507f5aa50cdf3a0,0.018327475193403532
ck_18270fee7c8fcee8,0.00274783629997896
ck_95ffa1a805a1c9d1,0.002782889176310837
ck_11132d245b94d045,0.007662891309668025
ck_7b93a622e40d8b14,0.02070641236341826
ck_3854c08d17704347,0.025064747543139327
ck_7717fcb100dc4b5f,0.021926322697197194
ck_ba54e0a1c328119b,0.5953981118535049
ck_a7afdac4ecbf2de4,0.6522196679923126
ck_ecfb771ed2352085,0.009221140275241025
ck_68be4fefc85a6b64,0.3549523572777472
ck_dac7c50bd6d0148f,0.003955026007935371
ck_87cf36a03bd63c24,0.054530286411300886
ck_8adb40b168b59d7c,0.03358428403034412
ck_8d2f62930777416b,0.090809972937977
ck_9958b58da9e3c21c,0.024589375970238816
ck_9440335375701f44,0.02383019294703304
ck_e2f88e202b6f700a,0.01610198056963288
ck_4c7c50684827a2cf,0.009562865481069969
ck_8a6ea4a79b1c7a8e,0.011079775745049474
ck_186dbff4b24a3bbf,0.4204721314917031
ck_220fda3c11c59b6c,0.08453931112438015
ck_3acccc69f8b1fd14,0.09489872890778435
ck_9de191bf79afd676,0.015862426677639388
ck_6de6b1663f9457f4,0.0033325384088131998
ck_062754f8b79b86e5,0.003455437401588574
ck_aa153a89a52f7eb5,0.013454050831812206
ck_34a6bd3be642f15c,0.023427137052161175
ck_9371c700d9830326,0.036392288963806675
ck_a99e0c258ad7576b,0.00467909424928164
ck_0a7ba51d626e932a,0.020902472128037447
ck_852c50bbba1ead13,0.11943224367424186
ck_43dc13b6b6d31297,0.0561194507053868
ck_7d81b59d615a6649,0.024723483133882722
ck_39a3f1da060e88bf,0.015035647189957065
ck_6fb2d142c09ed3ed,0.08220608156591624
ck_6e5752b87324b58c,0.018494075335019178
ck_9441d48a12e8a4bf,0.09297634995462813
ck_09e9c51eb538b255,0.018651336194603116
ck_8d0cd981ed3a183a,0.045182368600715964
ck_57c07c45269ca8c0,0.005034401641501741
ck_ccfc9ab888ba933d,0.021339724709589513
ck_9658a6ef471053f0,0.008740001591110932
ck_dac3852758f4ea89,0.0027638210521672814
ck_b1ed2278f5f14d82,0.021741544200855962
ck_333544d173524f70,0.03393554286873032
ck_fd4582e3853ef23f,0.019452652470003735
ck_614d936cef98db04,0.005209396188048036
ck_6bc351a3d57aac54,0.009133763767118032
ck_af5842fa7202ff25,0.010945848352098952
ck_81307759252571be,0.003972339047380795
ck_b4d2f02d2cd45720,0.2854043121196851
ck_1bd753a4681946c8,0.8945297311713718
ck_46d8c029d46867b2,0.00468338299018387
ck_b7da6640fa2f49cf,0.23835420281854527
ck_9ea3d5a5a91fef9f,0.29739823561967677
ck_7b922518f667f76a,0.0009912517546730646
ck_2a5b31594206eb30,0.27134560383155126
ck_d9506476ad3f9e08,0.013407683715323377
ck_c8791f7ebd4d93c7,0.04143833117095186
ck_b5a3e20fd210017d,0.017346132261198046
ck_8e54386f4fe22cad,0.01979067909880542
ck_75296704f5806f56,0.02126597327657729
ck_0fbbc7a6af300368,0.010421161132373475
ck_d19bf4dc0627113d,0.0033091776987777513
ck_7951bd4eb99a0175,0.0018877985147864314
ck_059e4fac6b7f704e,0.008451753084195823
ck_2ce8931af02a2ce3,0.0047011760913069104
ck_9e665618a4860306,0.00389369038989765
ck_6fce5a893613fd2c,0.0004389723461864247
ck_9e3fbd04e3532f32,0.2649589111093892
ck_55f2ef0de3420e3e,0.04306046587554453
ck_8d87658a6f5d204c,0.8208734453966947
ck_6d6ac1f5dd882aa5,0.003489509438812319
ck_55d0c7012d7ef236,0.060191735479771885
ck_7738eb085e5753d6,0.019268937624934566
ck_0e6e05c3cc8c8242,0.014460279804122308
ck_8d27ff8383d48132,0.008075383556938804
ck_9afc3bb849f3a64d,0.014644093294864621
ck_27eb86a9898cdfe3,0.010337123555345636
ck_1d40e4fc541abe93,0.10118831324991902
ck_4fd9dc00e1913587,0.9466897932384571
ck_b26cdb2b7b165d2e,0.056586080790978766
ck_a79a27767a02e31f,0.01685444851033731
ck_f0c18cb9f951a71e,0.013359859605175335
ck_50460e0189de6274,0.8562903430434355
ck_5e5280539257c986,0.008746066532117206
ck_eeb854318b3a6f0a,0.006912935419764994
ck_943f66f28dd24750,0.0009265410152547516
ck_984dd7452aee372d,0.03610911705084904
ck_ecaa6de0aca5e9a0,0.01974507131129482
ck_8f1cbc432e2774f8,0.03644226752802285
ck_d91d9f8445b9769a,0.46304971873530176
ck_73c18e03e3c7612e,0.0014105257708166132
ck_aded05ada490da20,0.012480212740563932
ck_f744e208183971f8,0.0015013760316306953
ck_02d4cef6358ad3b7,0.00992839485944692
ck_08ff5bd467226a5f,0.002777950576547509
ck_f824b326d5089885,0.37552379731417623
ck_3420f2fd520890f3,0.00061935004542825
ck_1838cf8d00f5b1e1,0.007437807698118827
ck_a85182ad90b6f1e1,0.0022783187108054216
ck_fecb39c82c43e76d,0.024480414553206882
ck_162513e73782929f,0.06553397030594922
ck_2c27b77c59d8f23b,0.06604075416004306
ck_4221e07b17388fd3,0.10819974720443572
ck_adfb8472d5c3d669,0.033729485378273236
ck_0742fe64055d686f,0.0039007917730465597
ck_5060aefcc8b6f958,0.025377119589842893
ck_643f549b4ac78a26,0.11752148451083957
ck_dba767885bd6ad69,0.005066568842338108
ck_0dda35c0c64c7073,0.9548038975364194
ck_38ea56d43afa5660,0.012929107078147397
ck_d813e15ac91f487c,0.09929848391054484
ck_4c840e5585a7b167,0.10827561744614357
ck_cb8551453a7bb929,0.00787063040195683
ck_05a00b1dd5a03359,0.009084210823209222
ck_837cc7fd48453a01,0.008324194244917468
ck_49dd816b31fba6b6,0.6657054665555592
ck_86a61d9a39768e87,0.016046743865973403
ck_cd0e76f0e7bb38cc,0.04801007116793669
ck_dbe58392635133ca,0.04588621105784403
ck_3caec7dd6f8d02c9,0.07350722103674602
ck_bfd9bfc5b6ab4a54,0.20389939121513598
ck_2103399bdb2898a6,0.013563061646528584
ck_329f7de7279e74c5,0.006197377314689715
ck_9bf0d28119fc42c8,0.027484968281391787
ck_f781539b1042dc83,0.0064587957499627965
ck_9986c7d781ac6b4e,0.008443137138651908
ck_a627734880aca848,0.0007767798106456027
ck_2106e509d77fdb4a,0.4406648945328485
ck_420d1a9c604293ce,0.015558448146400485
ck_fce0610c527e2b56,0.029293932574595536
ck_073da541ec3f9d3d,0.008736425720726004
ck_aa5f3ab48c17fed8,0.04930638626980655
ck_0fc1086e1c9e04b6,0.013574020064815336
ck_5c33bb46c1a5945b,0.037791574928141586
ck_500948a8d4bd8e13,0.03761846415548568
ck_19becd44f2c3d2b5,0.052522812145979335
ck_7d0fe77dd5ddb656,0.018904262433229083
ck_f158d9e5f101bb35,0.023731057541207173
ck_cdd7c77823c2257f,0.1277333703848949
ck_6c7b41374f9b2e55,0.00901492608396785
ck_417090dbffb1a63c,0.02053679054888823
ck_dd0e17605f970319,0.01375850406855131
ck_3646515079e6be55,0.010397048285391498
ck_89c8b06aa8c84b2d,0.05692928973331842
ck_e4d6dedd97233c07,0.05283070215984615
ck_bc82fb1895fddde5,0.004994941329826472
ck_88a8b1d442ca3686,0.019883072882389326
ck_5791f8f76a629a4f,0.10778880332078039
ck_9cf5e88e97c8c7ea,0.026638770498189447
ck_58fd684aa5a6f289,0.0004529464348978621
ck_9800c21dfbd8e811,0.0027409077774049628
ck_8ae64df60ab6ccda,0.026354805272325785
ck_e535fb0f0c00418d,0.05660494428816705
ck_48011996d54855ac,0.4571678761748714
ck_ac79c72a8fe3fdef,0.13026879256918497
ck_b8cc2df5192bc49b,0.05190043295444202
ck_e96a5e1f08f8a867,0.004175856148058511
ck_84df6770549e43fa,0.0037891078569098776
ck_e5f7b99ba6ec5767,0.030606028053628557
ck_8347455ab53ff620,0.004967170044239705
ck_a84f2cdf695a71d6,0.005477235154948503
ck_90456160115f9ef4,0.005105758241101784
ck_ebd178b3f3a9c50c,0.01173180830580254
ck_e1140be6157bacbe,0.0018242922836179314
ck_744ffc11d32b96bc,0.007914279432948697
ck_e12a9f7d027e3387,0.0048156089992111096
ck_cbe525da0b69f18a,0.020444863177510313
ck_aa59702537557ff1,0.015276044558157544
ck_0348cc6908f7f3af,0.0015840473907178002
ck_120e995d50956bee,0.03019395734866271
ck_9fcde1ff46cbbea5,0.0005459226033752243
ck_54b0b070689c50d6,0.002138394892364252
ck_966a167758fddfd4,0.04038425606173195
ck_d5194f2e92fd6427,0.026595044699078384
ck_2ee84f3fa27f2cb8,0.003606795269152276
ck_57d0a7eb7eae2eaf,0.05405225800401678
ck_6a2c4edd82e10969,0.0015614038488568453
ck_96e4d38ef670eaff,0.010666935643505696
ck_52cc2fd5095b169d,0.01040389334437774
ck_4b088920f3a844c1,0.021299651083017086
ck_8f3ccbd20d59f1f4,0.003731592555584575
ck_e5e5dc431bed6f9d,0.009864736801015033
ck_e8b5bfa6838e28d1,0.01436825536685025
ck_4bfeb78b47b7c6a1,0.1162520072175811
ck_a705c61bd679496f,0.009458645041694996
ck_731869a0c39cb2fe,0.052043266336175176
ck_259eb102342057ea,0.0038275187446562393
ck_47a6005fabc33551,0.005656576105652875
ck_682262b455a9edd4,0.0014112029247674131
ck_e839d104854945f0,0.005493686376362187
ck_761989aa4c47d746,0.04932998423328688
ck_44211dc210139ed3,0.008421108412291043
ck_9915ceedf63a5289,0.14538643460607678
ck_da59ab47cb6284ad,0.001577567860076066
ck_e5cdbfcca2456652,0.002961200465872119
ck_13f2560c6a1ec62f,0.023252078998982965
ck_a0543e9b3abe1001,0.10302070321516275
ck_11c7a58e09e6547b,0.033208728403557014
ck_69587a134d43a4ad,0.15115908417591914
ck_28dc0de0ae291f37,0.027075034738639092
ck_298922703c5bbe05,0.048772147430536504
ck_fa5ba9ed9ed6a343,0.05180751819120464
ck_c08e64d424e56c05,0.03787695226920596
ck_598e036a28262aeb,0.05936703939791894
ck_3f7c870510083a51,0.02662305453516514
ck_364f8203a3e98d36,0.7284048639830838
ck_7333cedb61506ead,0.017624246628777197
ck_1d96d7fd65f208b2,0.013071509630679667
ck_63133a79f23e2627,0.1559116314509616
ck_901d820e0b72abae,0.0028738693479524904
ck_5dd80b3c01457bd8,0.015317577859655063
ck_c0b8067c144ed6c1,0.012194280211020687
ck_cebb8aa8c8f62c60,0.011826433554040724
ck_79749eca42ff1f5f,0.023786617083540434
ck_2cc1d9b587f6da31,0.09096404815780175
ck_ccc7916b56d42195,0.012151059478159539
ck_e43e53cc7b8b8e41,0.0555476016994858
ck_4ab74a6e7450416c,0.007404005577722518
ck_6e44024e9de301c6,0.00427154586211748
ck_dd78cb6ae2866cc6,0.03023426094578836
ck_c363d3b050baf3b8,0.02652486031177876
ck_2d46291975f0dd08,0.0036416418117469727
ck_76ebeb5aee42f041,0.021096726873175976
ck_8395f004cf4d4c08,0.004465311334442126
ck_de7259c3741db179,0.028976538406041787
ck_3938e92585df2b34,0.027060918073899452
ck_af69bfcf4f07d932,0.004651980113289856
ck_1723900ab9afe374,0.09847604371544863
ck_3d58628d1c853c8a,0.0066656986422256115
ck_12a074db100481cf,0.042641288083367965
ck_8716cbf892c50e29,0.014884623400936943
ck_fbf7351958ad9615,0.012600986190437303
ck_a50370907e6b397c,0.14197003485109286
ck_937402a60df0821c,0.004109087269668642
ck_8ce9c5807acbef48,0.0069057687088464655
ck_acf7d65eaaa4c31c,0.0025137696811551396
ck_ec3eb6dd0967cac5,0.06866004588986506
ck_fc832b0c90c9bdb9,0.931770642301597
ck_8129e81cde280131,0.006699338580292692
ck_52c0ef68aa2fb8cf,0.010336437307420447
ck_06f042e9b1b662fd,0.0541786435315986
ck_0bf35dcf7b38f650,0.005472645722524472
ck_615763afc2e17a7f,0.001903383975757467
ck_e72db9d4b2fc9997,0.9765860588768699
ck_13757bf0eeb353e2,0.004848174962266688
ck_abaf371ec8249c4a,0.06807138750934677
ck_9b7167da0920c37b,0.03253902236622268
ck_2e824b0b27494a17,0.043393301939314656
ck_9a0b605e9c3220c4,0.01672761932042074
ck_a5276af466b681de,0.0033129048812445073
ck_9e0383e1fb6e214d,0.08014844188557725
ck_6a27c44b691dbfac,0.0032375646882757607
ck_af39767cf583905b,0.008982081929997094
ck_243b1b9fdd3f9a74,0.0030312246127121023
ck_c0422e638a9c6046,0.01715178713713007
ck_e0f3ea3373dfc4aa,0.008258838096873668
ck_d56ee1654378ffc7,0.030417276087525664
ck_20cd2f5666719baa,0.0011197331891102415
ck_4dfa1c1e9b69fcc8,0.030826403519819214
ck_5d22e9ca1d15180b,0.46851542144705594
ck_f4a7ac178fd55f0e,0.003840587982071291
ck_fd5609bd23a1eaf8,0.007176579268862448
ck_49c3bf13dc9471ce,0.01374554718398961
ck_724085c3452d4693,0.21268393679802972
ck_e5d1462846154a75,0.03162891545777824
ck_c69ef0f3e7d6acf9,0.07362537470759767
ck_a2d0417791d4132d,0.009852042696035459
ck_00a07fc2a9183c3a,0.0023086674251385506
ck_781b8288e54ba8f8,0.10589071319250622
ck_d74a62ab3804a81b,0.007415155017590676
ck_abcbde211b6267f8,0.07949971595556103
ck_16dbafc035574654,0.007567026346179447
ck_018f780215ecaf38,0.011044704235007533
ck_0b259620eac51618,0.008099814110659794
ck_4f875342394c110f,0.034043890972081
ck_399e45e5fe9beaee,0.009286712492928477
ck_36224a2d394ebfe4,0.09111344742581083
ck_c189b551bd111332,0.002058475476322545
ck_125c5a720ecb177a,0.05203759535008418
ck_76d010aa02eb477a,0.0011929611921578486
ck_1071d14c46c92379,0.5829086892052293
ck_61d244b2cde483af,0.010573436528488722
ck_2ff1860da2004c84,0.0033567727907130402
ck_c5b583490198672d,0.011395565972895197
ck_1294f7af22fade11,0.1289897924427976
ck_e3a22799716df39d,0.008424875154286178
ck_c77e22834ef97005,0.3462320208348831
ck_73d3689728270a2b,0.0036470199066354144
ck_295565fbf77ef885,0.005079276456872597
ck_80c0a7f54ff4895d,0.005250256358474424
ck_f1ef5cf7f10b16c8,0.04161325798988715
ck_a958b2461ffc21a2,0.20211017477914148
ck_0e7899a57cd617d6,0.002366526846733865
ck_9d4fed252718f58a,0.012090232299403982
ck_83c2c34add971d76,0.004016692783825307
ck_9ccc030ba2de9fb2,0.03151825752535551
ck_cd691e3466fb3742,0.012867978356730043
ck_49df70f908dfd069,0.03973502119884733
ck_362ce13eec1e33a0,0.003716024306948817
ck_2452a30397dfc54c,0.019795007940873594
ck_a443d49c2b4863b0,0.013826050137780129
ck_c8b2e2cb349dd0ff,0.005758937118610166
ck_354909fecf5da8cf,0.019022013276115007
ck_841f598bbd54c83f,0.04319739875445636
ck_cd6fbd4e8724f994,0.023631035389095535
ck_e0b3158111370118,0.026669656434391457
ck_4c2f2eb657c2c60e,0.00726702781052413
ck_ef346071f0b7654b,0.017604057578932828
ck_f3bc10e3decefce4,0.0060952269570927285
ck_189b6fbe9b9192e7,0.01126700004232043
ck_5245cbc5ff4d4fa6,0.015668632911367636
ck_cb42e3be6fe87f60,0.00839939954299605
ck_966d4d713cbc7792,0.006123927587945336
ck_1c8c969667cbaab2,0.5848926384275442
ck_d35e3aa9ef5d405e,0.232444131616696
ck_a1c39df50a5873b3,0.03629082230653129
ck_a152165caf295b51,0.016023077026434712
ck_891eaedae139828e,0.008548877099874
ck_1a46b56f4734d52e,0.010722913969796416
ck_5e36042cfad96c99,0.28352288678068965
ck_02a8582c2603e675,0.003158491449453173
ck_6def9d0429e4ed4b,0.02524835949923684
ck_e137400825a1e3e6,0.020660915121645355
ck_d91ab840848a54fc,0.004019820643407258
ck_becb6e1c608e0078,0.004174105395212582
ck_6fd8c86ac719d7eb,0.12402839401943706
ck_3ed4d13f12fd9d0e,0.11915961825895348
ck_007337aa99a4891e,0.002017752588895849
ck_60c3d8306527a08d,0.0027574666102268236
ck_95458880a54df0b1,0.18834533865792588
ck_b48cd8593533fc1d,0.880504188706638
ck_021c6a4a7e3f1f0e,0.001699524881767301
ck_764d40f865e710af,0.019067794839971286
ck_4b84357ae8ec7777,0.007591670936390028
ck_3397c7856b4669a5,0.001097484756039086
ck_920bb003b42e6310,0.0024289415037670645
ck_8f59f11b512d5b7c,0.09291965237929696
ck_a3acf4b986afa98b,0.10668730316875333
ck_e89d25ed7bdeeaea,0.00622772749948392
ck_70e6bca473bf6902,0.004664755294381686
ck_186161ce152836f5,0.004970778132756397
ck_9191579254663f5d,0.003689022315813117
ck_1e6628879e9d653c,0.013319272397447861
ck_b498fa91a0776ff6,0.011179064578964079
ck_cfc2384f22954830,0.04526472321951161
ck_17673a1c2867888a,0.0009656693143470503
ck_523dce06515b072d,0.007007488196939899
ck_c20638a325ead2e4,0.0023345605636173462
ck_d3877e1f907cc148,0.07438706150884292
ck_e9a2495dea8675e2,0.024946106607830955
ck_7e561caa5fa1f3f1,0.03878839134919612
ck_455672e652fe1abc,0.9261041555727667
ck_7f8f864fcc90ca82,0.017266934271013442
ck_1ad36046aaeb816c,0.00580498149315269
ck_de056e37c82e8e00,0.0195050087441647
ck_7484c214c889fe7f,0.013382801565826963
ck_32430e678c4f9f53,0.010724526574702624
ck_6276ece8f80ea799,0.022204973290605893
ck_ae8e5dc4b725bc25,0.07509564518169065
ck_f01be92dc78a2dc7,0.01575120292268323
ck_233397a8bd40d38d,0.004587317718800966
ck_f8124911450fdf31,0.6518510404390798
ck_aa0a3179f1111674,0.005068052265055795
ck_2366b29ed9887a5e,0.0052520165744820374
ck_1f22f04dfc08cf27,0.010629235969370243
ck_b62276c3426d680c,0.011362429302726332
ck_d099fca88691f66f,0.07993987375309383
ck_166bd1dcbaf4d6fa,0.000747266948149558
ck_7b1660e942436e12,0.011162947906187813
ck_4a9a791a1d409a3d,0.07207001423324881
ck_b003e5b54df65db4,0.035626025849273595
ck_64b4dcbf436f0b75,0.014913526650708882
ck_26e9a7bb2061a58e,0.05181092929318659
ck_08b77ad5f8f73007,0.0105623976459955
ck_366616a725afc6bd,0.0139521736456728
ck_934fb5064b6eefe2,0.0010684743697504423
ck_c6abd5d57b1009d2,0.003423321977858107
ck_edcfa9e1cf29d813,0.027224907737408738
ck_c30201ebd003fdc7,0.012761576653853076
ck_c54643d94d3ce355,0.03238989373838916
ck_02adda6e91e49650,0.026917741791758543
ck_5b73d7c5255e58a3,0.15508864636039185
ck_129ffae92dc01408,0.0026980702531580357
ck_fa321945ebedb916,0.06257283365419182
ck_8da980cb2e1e2bfb,0.025530055344990615
ck_0576b00d728bdf19,0.03470642084483559
ck_c543d82e22b3c8a5,0.0054062435335780375
ck_0027ba644f9ae2cd,0.18322655013401307
ck_8dbf61df902a6bbc,0.0037428380282102003
ck_90eeca1cda79fd41,0.0026032796111390786
ck_86d7127391d4e01f,0.0020479231826225804
ck_73762038c7ff2f6f,0.0026503077290140225
ck_a1484e6215fac651,0.4776642285602592
ck_cb83b9f806e90dc6,0.19904627660512325
ck_8c6f059c95872126,0.0035327678194732623
ck_3174419a81e7caf2,0.0033725250282446223
ck_6a0f8f8fa4a3c2bc,0.018334078233231705
ck_b5777605668bfca1,0.005524459944692077
ck_27e4de495abb4d15,0.003888663991027332
ck_7f6fa79c7a107161,0.018823287176053714
ck_c36ed9f8e6792ea4,0.015620796433052557
ck_67a1aa88d2ea554a,0.040910502661616215
ck_09748dfe4df3d540,0.0023273207400324233
ck_27fd85b1e38b675a,0.003049127442068283
ck_2369689bd795ee10,0.007968677574190598
ck_4eb1c12f7d092bac,0.0004899431839614523
ck_01fbafc42c8e33f5,0.013495535045410593
ck_93c4e05699b3b7d0,0.007529502193524092
ck_afc484d1b6907983,0.003639721894760013
ck_1b2d9cae92a1aab1,0.07330541574724672
ck_73b729cb161487f2,0.004559659363217723
ck_fe3c1d0ac090d960,0.041543848600814864
ck_408efac1d3885ff8,0.0711529411081994
ck_ccb4dd9d0a48a76e,0.009762793001319008
ck_2987eab34ca7805d,0.024597078209282145
ck_1dbf1f15193197db,0.03317490745246872
ck_4ed711fe4053e74d,0.09170320117424241
ck_6c54adce174f45f4,0.004537671974980545
ck_a6c740041faf0bd5,0.006673294183224596
ck_b05c4d33c4f43639,0.07955379850872416
ck_032880f1114dd51c,0.03388544946396562
ck_22311b037456a76e,0.002738029957525038
ck_5866b413549765bf,0.003043898840001396
ck_0e808afe2570ecac,0.018611579629825636
ck_634276b05f4381f8,0.002820695634056299
ck_5d8773badd0d4740,0.009457173033535979
ck_82b5b79ce3517102,0.8991181529938452
ck_b378b8d8100ee4b1,0.01843280120832418
ck_54e581f71be5430d,0.00524522825377891
ck_798ba4b8aa544fea,0.004763643708408094
ck_3fe86b6331ff95e3,0.06677582008878694
ck_81275d9d4c559e6f,0.006861196423702838
ck_99a4e5ef02d89493,0.06285514068286378
ck_54e2eb018d947790,0.04175189560790659
ck_966901ea9c77cc02,0.013510934750900512
ck_27d69ff4e0cb428c,0.14239451044102253
ck_2cee2dd7bbfc09a0,0.8175110871856509
ck_4136b00924695ab4,0.000581015524497017
ck_59a164c40c03a45f,0.03700503076317705
ck_3e24b026bc66789b,0.0012861634315193269
ck_8105bcf69a75ee47,0.006635356065309716
ck_7a1782cefe26a456,0.12923195851724809
ck_970c7dc195161272,0.0011011573789195244
ck_a48ec0c00ae20e82,0.05580827371387087
ck_54b374ade34e1dc1,0.007240022914974933
ck_74e5dec189761d14,0.003030063386134416
ck_4717f24f2c6f40e1,0.08862710933921214
ck_fc8cd8a8209e802d,0.01532144564620461
ck_71db4131d7efe218,0.004250990433451632
ck_45424ea6f0bc4650,0.29613021543530116
ck_3716c6181a5035bc,0.016736537388956196
ck_26de14b96bdad4f6,0.005552394184920473
ck_99c0a41ac9c73857,0.0029554006007420203
ck_645f15bbbcff3b4f,0.9959080333225964
ck_b7e25ddd41514d4c,0.003431251548726498
ck_d5c14e877ca7b755,0.008732580464017734
ck_05ea4440dac6cfad,0.02471688009513089
ck_c58bafff7b1955cc,0.025038558215791432
ck_f0cf85b67a9b840f,0.013000585619947444
ck_ce1500a7f0d03fba,0.016434998806573335
ck_d4972a775aadbbc8,0.0046912480508868835
ck_3eb6146c262e0fc3,0.004384098691448435
ck_afb23858a4ef42ed,0.9840609518778609
ck_2c1def5c91c52a5b,0.4962573172067356
ck_72e550559487b919,0.008869220184530029
ck_0284dc2b4f856b3a,0.1017568008410988
ck_03be334935e999a2,0.01738382670851942
ck_e35a4b4a3cb4cedf,0.012230046521384009
ck_5abe57dfff4b735c,0.00981402573933606
ck_f5f87f772388efa0,0.02257183420583621
ck_5a22cb36d612236e,0.0024058282625490242
ck_8ff1e6028e764472,0.3032668421499898
ck_2ab28149b0986642,0.04292945862220578
ck_c88fc1bac79fa6d3,0.08856683956784324
ck_5b137d74bba6b1b4,0.00033532146926958074
ck_11f362dca2dfaf5a,0.02060430656579565
ck_7f960541e5174565,0.0018101145480350714
ck_d5458ba39ae94498,0.01822865141701062
ck_0a921a73a90c2e39,0.023614606119816365
ck_6ad56ef40086dbe4,0.003977251797757956
ck_b68199ecccf2350c,0.00731223769349965
ck_6dac66c8198c07d8,0.018583042277678836
ck_9b9ce7bebc235fe8,0.009423448017889562
ck_6b817117d87063a8,0.004671712649857711
ck_900d62b3184378c7,0.0034624237755305084
ck_eafe9b89857149b5,0.006447433057205245
ck_e74716a525ee5b24,0.0017811838886776852
ck_4e9a6f06ab134102,0.041013683001801
ck_b0d33b5a3716661d,0.004343745605897841
ck_8703543bf3134306,0.009242526605769638
ck_923d6a0f83accef1,0.019832177043903162
ck_52e37e2170532e2a,0.16052996334322178
ck_c1c5ea839c58958a,0.05152114324112742
ck_660f0006780e87e7,0.011784000891915902
ck_830b2c5d1818ac07,0.09079466188575164
ck_b080ff636932d1f1,0.0010301535664052276
ck_38730aace405f2ae,0.9937124677145891
ck_9790138467a06223,0.0012855400308889652
ck_10de0b0d86b17839,0.0079989363530552
ck_c3e37a4d3382c32e,0.0013515181364214426
ck_dd8edfefa1eba531,0.001209913317127141
ck_8153cdadd300d234,0.0011636266444389309
ck_74d0e7c2c6b63d36,0.94717093774918
ck_c478aae3031bb328,0.0162644383558953
ck_cf301f2194975866,0.006802785346169126
ck_f4de03f44e3a5bd5,0.007657619584403707
ck_b06ce826e593b210,0.05169769571209503
ck_2fc70b6baf6a0e26,0.009205925745054943
ck_d208494cf5c90047,0.06153022008777816
ck_086d29ccae565e5d,0.0029899780355868238
ck_d5ef6dc116dee408,0.020381330125405085
ck_fdf0c5b722d83464,0.0038916199923639885
ck_de8494b13adeffb5,0.004802760085029374
ck_556786868599143b,0.023673197594529575
ck_4940e78cbdcfecf3,0.005452601641744557
ck_d32fbbfe32c00416,0.0205401298889093
ck_bc7710f7e9fae649,0.0024905487360534287
ck_416f7ac57da081a3,0.009810662821535506
ck_6fb39b60c67d5475,0.003479371019342782
ck_e40a156511345d6a,0.002112747584785095
ck_49ab879b5aa7fccd,0.1336086278183596
ck_bb643194d1cbc47c,0.9775012761713809
ck_b3ce8f1bcedfa043,0.014441534988612769
ck_558ebde8c29132a4,0.026687606634171124
ck_e6222925762273b8,0.048379719299028116
ck_bd80546b4807dd59,0.018201773014149165
ck_bd21164bd2bbb635,0.021336044521400338
ck_ea835557d7043667,0.013834247204140762
ck_1411a80a157ff39c,0.010970237327126535
ck_ab973888c20c9120,0.11928664474788843
ck_95b48972061abe82,0.004797248658584108
ck_fc4a43f8876bf10f,0.07844520403079336
ck_f34fb7ccf82f41e5,0.01700431012043925
ck_5af9934a56801ac0,0.006363826733297288
ck_fc7445ec76389a58,0.105886659619854
ck_1eeacc26f02fbba4,0.014303104183398592
ck_4f325dd15c9bd45c,0.03317973310292875
ck_5009a6c8bbaf15ba,0.017988763855605435
ck_0f3de7f074bb33af,0.007494576470677563
ck_2cbc2f93a32eede8,0.09351250856957045
ck_4bb90a61c21a303b,0.013856705622825788
ck_3ade9eac7d7b0dbf,0.12727365896727302
ck_4859a58629622915,0.04609031819764294
ck_5fed957287ebca03,0.0012585153241107502
ck_ec01ae5351500355,0.002214658497962744
ck_703b41624ae6a5b6,0.0036650829068927554
ck_97c38e7f61c27e47,0.011628305333234333
ck_db2c0908150cb2cc,0.05072794218226597
ck_64ac5e6fed86ab60,0.8732902654489628
ck_da1c853b0a061e83,0.0473512439494205
ck_9a36916b60178ded,0.7166541895930779
ck_3715bfa7fed2c675,0.0036260265691905797
ck_dd3feb77d7d4f6d3,0.03767695976515055
ck_982ebb24174a4ade,0.004942493791927235
ck_f6b7a10d47dd9a1f,0.016121966063667035
ck_1f56fe99f250cdf4,0.03153078142428344
ck_deb3ac0606d6f6db,0.00440226550656085
ck_e666629e5a41b39b,0.009314836896596939
ck_756d2c13d02b3e09,0.021956639954735412
ck_7bc752ae7cf5d55f,0.008101439578611237
ck_fc0cc4b25e6a8194,0.005323851213884458
ck_9b2b0e286de78a1b,0.011304896271644962
ck_24b0803447211bf3,0.022162857068576073
ck_82eed68d05a42128,0.05983618442309157
ck_c8a03c516ed5b05c,0.08478113650008831
ck_e914974cee1bccb1,0.023543496414378015
ck_0c533ff2d0f9962a,0.012927005253867627
ck_c12805fa5d970a83,0.051047030092559426
ck_fc2cb29918631f10,0.04753896833157072
ck_c20e89afe575549b,0.005223351808804057
ck_e1ff9e31becc27ae,0.08018154650872372
ck_18116d0ac08f1996,0.8914948488114011
ck_885a83975cea5e64,0.003584654771521439
ck_a0c3059a959ba5d1,0.01629535268615377
ck_75257ca7d7da2861,0.008517636188337781
ck_2210f7a0d13bdbef,0.03417206297527649
ck_9cbd9ecf8374f65f,0.00412830718948483
ck_18f67c00ba21fbde,0.00785521393699419
ck_2d28f14d3973d8fb,0.003375204415272078
ck_8b3401b44aaae728,0.006784084160666769
ck_9d8e9ef37797d3af,0.5190403511039751
ck_9f50920c894f64e1,0.011093790456920967
ck_4737e0d56c6fa0a1,0.019993933309175482
ck_52c311f29ca3aca9,0.0007439446490761397
ck_6a4981bc721df37a,0.01321554991866555
ck_823539d936c55fc6,0.0016034877034658717
ck_df5aedb4118020bf,0.9337968670433309
ck_a911a066ff0f7b56,0.02061153135154506
ck_684609767df4a14b,0.09087468393245163
ck_f2350bf355dc919e,0.01134424953022093
ck_8452b6cf97c65a5e,0.02510045142701536
ck_084cd84501012218,0.734022367355762
ck_ace6b72e5bf3e93b,0.14549284790774283
ck_2afdd69094c955c5,0.04356589707174584
ck_fa7d5be26bf7b31c,0.17223442263270602
ck_4b041217690fca2f,0.03779249070348223
ck_9fb8e3d38cdf276d,0.581086167557609
ck_c1ee56d65a42f59f,0.01666680577690021
ck_fdeaa1cd085691f0,0.017397418200901238
ck_5de33a7a87e9aa62,0.020346492222193424
ck_7476e7fe1ff45545,0.022911118802635303
ck_b0a947b498e47018,0.02892048716195814
ck_e3894ed88a7977e4,0.003318551687317712
ck_c7e07ebfb0bc15f6,0.031093848468511646
ck_3a3daa8b376f2a18,0.0044230735407291685
ck_87809324c2675b0a,0.03062010888918026
ck_7eb4f33260f1dcd4,0.016950648409511212
ck_ab9f0e08af030060,0.014876224575453482
ck_5b8fc4a76f340797,0.03233617411846593
ck_0e7bf10ef49aa818,0.05536805844324761
ck_a44462a3853ac67e,0.9850521964141598
ck_2d14bcd2e0fc043d,0.002925342162816097
ck_df1f2dba802296be,0.7539253849407338
ck_466a7316eaf149b1,0.08457431998427742
ck_50df50af592b0c06,0.024036078565775432
ck_5f9e34c849704b95,0.005533413343097204
ck_7836bf6def26aa87,0.012353728592337245
ck_ba175b1bd8efaabf,0.0011876349056263052
ck_1a0aac7f7b94b1be,0.24515340255465093
ck_6768c4b2aa8ce586,0.01857651878937836
ck_eefcf0ed15897898,0.013266285226063577
ck_7a6cb27e390b6ceb,0.0094954935312987
ck_5275be4e1577c1c7,0.004394072632986969
ck_6bc0e5b8c0b7d2bd,0.050078674071561635
ck_4874bdec79f9106c,0.02599642277745398
ck_a678731156ad7bd2,0.1675485535550235
ck_db906debc36a5d1e,0.05637417074161012
ck_e87897767c612942,0.026063380637190194
ck_45ed5ee496ef8a67,0.0038571773486364164
ck_ae20e28f9854f3ee,0.033701193118793805
ck_9ee044b73943a90b,0.013603196879363398
ck_dab34cf6f0626c9b,0.08019632516392745
ck_64a02b7b96149810,0.0017580405036287253
ck_c417d06f3e94685d,0.009282367314244394
ck_3e0149cdee4cb294,0.018491140758728326
ck_0e6046fc30f81705,0.013439411816827224
ck_c383aeabd53e9c89,0.04441055590508055
ck_2ef76f1f36e8b869,0.0821831321466962
ck_43948784650bb9ac,0.009399356385996422
ck_bdb966f43ac350ee,0.06025678565610283
ck_5bea0e0ee0b094cd,0.001504043432876103
ck_dff090f03ca5529e,0.0065461301550114774
ck_a4691b57f837d88e,0.030831054491083105
ck_99ee90946395d74d,0.242729349599179
ck_cc81dbc83a8879fd,0.008426827838347556
ck_f3dc0725621b3a35,0.003157793681061556
ck_1bb212d1288b9689,0.055219534113663586
ck_9e7278fc7679f002,0.040100275848830906
ck_3ded7a8720d7e311,0.006621564763074019
ck_798157bcdb9453e1,0.003082198803290252
ck_9fba80f56f357fe1,0.010421516090821547
ck_f1e1c8491f16f912,0.005760967473741545
ck_7b1319a5ca2f63c6,0.9611500268081736
ck_124432fd5c92af7e,0.8531877982333581
ck_148cb0c723284dc0,0.009228747966652278
ck_b56c62c950eda009,0.0036984968218480544
ck_a0498755cd8d7188,0.0006425679417376009
ck_5379452a9d74efae,0.004951270935069907
ck_6c2453229d608183,0.020691615818138755
ck_f9d8b4813a88c1e6,0.011642260631304982
ck_c2c7d1e45a521857,0.04547175525224094
ck_4364a83a11743888,0.004691885154179662
ck_2cdf5fd97ba75e06,0.043428307679407856
ck_71bc01291e0533a0,0.011997154533532402
ck_a725d7aed2a0bdc2,0.0015418655333786814
ck_a9b0c4dbd7db6a91,0.025913759763831735
ck_a4258806a533efa9,0.020230836982238102
ck_905e460591d9a278,0.1399880540036934
ck_20de8abfd8960ee3,0.035186108647885496
ck_252b0a0f1119b220,0.003181532252385341
ck_95e4bef65c36af1a,0.0009695545323977401
ck_5ab68b434ad53fea,0.0053588220621636155
ck_13677a1957078827,0.0027243674985454255
ck_d251e9fa09e542dd,0.9976544340160513
ck_700cb620f300dd47,0.016107162212826376
ck_39a68c55a1bd3ace,0.2360880322565415
ck_61a59a7944d6c53e,0.09126953080157174
ck_db6d1c6d31da967a,0.0048747613758696
ck_650020c500b1b50d,0.013504740842340357
ck_d812eb6930192793,0.001389428232935486
ck_92f6ebc11ebca89b,0.06448018969346232
ck_d87e26eb5bc84b01,0.0002305914417710762
ck_66439e697695224c,0.0024963606614641183
ck_f21efd504faa654c,0.014724655163376415
ck_15eed0f5652f0352,0.0094561428083478
ck_bcdbf57d98dc0d27,0.03836145307447786
ck_873ceb8004d3a9f7,0.045374497711879826
ck_70bef9ddd4bab005,0.0014922871701342595
ck_7560f1891d66f294,0.001206827368976978
ck_f439f16f8693883f,0.014290124188379015
ck_14f9535e53f9c7a6,0.015026211948730998
ck_5984be472d2bc267,0.16015522723704476
ck_ed01be7504dc4187,0.061620668191817704
ck_dc3d8b5c17b67ae9,0.0026120201416194836
ck_9dc23031b6b494af,0.020725646035517423
ck_fbdac0221bc03f66,0.010243177151446584
ck_863708a99b92ef0d,0.028115643122738777
ck_22b52654776a1ea8,0.44369542197772427
ck_a0714f98001efa0c,0.026538619044077155
ck_9c56114f84e9a541,0.00924207569513927
ck_e155cf506b2fb699,0.012774690237351996
ck_65ed7e72f24731e7,0.0039040614039524014
ck_822d6e8e43befc72,0.38702809804283567
ck_b1182471d9ac6b26,0.0024952939952981486
ck_821446adc95e6da5,0.010771461325136174
ck_ff182f033134dbb8,0.08960012847269581
ck_9c5feef7647b0588,0.012771203556556922
ck_df935d8bdd44883e,0.0317921950688123
ck_01eb24c18ad11fca,0.06796225133532403
ck_00d6730134a1eb51,0.022132483798395757
ck_79ba8e85678d0224,0.008015609885037137
ck_97e3b04a1350f6e4,0.06416736033926661
ck_74e9747954a46eaa,0.018218723474889262
ck_397d5fcc9972f909,0.01535955076987327
ck_9ede89e8a43c3f53,0.10605619398369198
ck_303b33910d67f306,0.0020904153098815063
ck_3c17841636f6f7dc,0.009214943376183919
ck_78730527f8ba1438,0.41742033043873256
ck_5ee32bc6bb5d1d4c,0.11770973601682115
ck_a13fee8cd925d0dc,0.006841272003428394
ck_6f847263379f2e43,0.0534582761631773
ck_9b9d9e579e7b55b2,0.0841299927776644
ck_87c1d0a79e79c84b,0.005015873689689206
ck_bfc453eabb472f91,0.0025290973524741737
ck_978c21bb5fe3171e,0.05270862129285045
ck_dd882323474431d4,0.03743018241272472
ck_533c4f7400d5ab22,0.14496098847415886
ck_5f217bfe28954e75,0.9956153061241595
ck_ae96d35465b3b4bd,0.005264968125720565
ck_512ebe97c0af94dd,0.05526728062938094
ck_f558fe02bb0219b8,0.008471890939662198
ck_84092e23d5ef4d51,0.17952946933374245
ck_17d3022ca12eacd7,0.010604589900577964
ck_8a8f81bf3558fd9c,0.005181213359175822
ck_0ada6fed1864e7c4,0.047315780484242335
ck_21fe7bc59dcd78fb,0.0014798844290872019
ck_e136e20c1c74fe38,0.004965504709520108
ck_e7a530e09d113dd7,0.03486395549505947
ck_7cb0c9ded4d63027,0.02785718457501447
ck_102db9615e722c9e,0.10286145404886611
ck_129e39ddfde92eeb,0.0017448540826946932
ck_d730ff21bfd7769d,0.013158363538727739
ck_54459b45d2be8459,0.0031416364130318736
ck_7f1c20319eb60aa6,0.997682296391659
ck_939fede90473e412,0.005529278430418385
ck_e0f9506a6d5f4a1a,0.003806759746667315
ck_9a4967cdf49265cd,0.10474588210137836
ck_b9eaf03453ac7d5f,0.007605787361221527
ck_522477be6376b450,0.016474191386473564
ck_9b6282e3bad50710,0.012949245864808185
ck_a0e3a2facd508e49,0.12341227687288898
ck_97ffae702f7c3d08,0.0036009022479356664
ck_344a95cb7115ec67,0.004631324202501136
ck_1f2760764afa45e8,0.0026037744790234976
ck_720cd658d11ea428,0.0444213714152914
ck_04e32ee9834c088d,0.5544534185970729
ck_2bb1389e5e72c8f4,0.03536856034760329
ck_961e7dbc217cfbbc,0.002316701929349351
ck_f3bce4eccfa6d6bb,0.006631257735389139
ck_e0ccfa0d689339be,0.00750849184816722
ck_98217aeafa0bfefd,0.01366041191035136
ck_a02aeec1914c158a,0.0255075309427444
ck_20a17e8f206a14c8,0.04759884673288543
ck_114c32aad4b6183f,0.0324577541831461
ck_79f5198f0decef20,0.005098229566128705
ck_2209de229b4c71c5,0.019523783429143002
ck_6ee939b7f396975f,0.008921059047129089
ck_202f0c14b07ace01,0.07720983892628858
ck_fa24db9d416ab904,0.003861805290652533
ck_cf6aa24b92c4d33c,0.49651827523188347
ck_45f57fb8194cefc8,0.008807098661807108
ck_d5eb179dc45394c6,0.029349617814454335
ck_efb24be983342f75,0.012434319730875462
ck_245f5d62ead5ef28,0.007808833209506112
ck_15fe2a47fa7e92ea,0.006017056879910212
ck_b6527a85fd682554,0.018635751457069492
ck_11f9390a11ce9ff5,0.04517331596107752
ck_ffb4d892c5158201,0.003918791439527515
ck_d4c1da5a1427fd6a,0.04297526405943578
ck_2c041b1efb1c5063,0.005653242959932202
ck_ecc18f40b33be769,0.09557458876839044
ck_0525349f3945375b,0.05213181081516794
ck_0bfe62e0c7eab9c9,0.033061435259969574
ck_b7c37d410b1646c2,0.022750274625425768
ck_4b15b0746318cf42,0.13222960267550604
ck_e5ee006ecd8ff661,0.061957552254324234
ck_ccc83cf66365357b,0.03633325147288906
ck_34a33ffe8339f66d,0.8690172735224242
ck_4e39e3b165edab58,0.7215116181180992
ck_1a71f8081ae00190,0.9816209507054162
ck_ed8f1200fc049c40,0.9477101222654162
ck_8a5a57858e8c77f3,0.006502193685531944
ck_fff9fdc2adf5100b,0.8846064337716352
ck_c76f1bf40f3b787b,0.0008431585880198213
ck_1a6ddfeef82b1b1a,0.006256974565305805
ck_478d2667aa9896d9,0.01913744669045742
ck_641c8e7694b21f3b,0.01944676336370534
ck_293581d879f6663b,0.6436818775759247
ck_1bfa8abdb22be8f0,0.01397583732099398
ck_05ab5b03d0bf9ce4,0.25066683940446227
ck_35694db37f0cde7a,0.00089060066833359
ck_fe33eb743d714c03,0.020234100097476705
ck_abd10fbcbaf2b038,0.011860246217993836
ck_46d51648c1bf80e5,0.14987970447857668
ck_5c8390017fabfaef,0.019503894989467675
ck_87d55ca333f22072,0.004487365760332556
ck_c39c6a1453e2b92c,0.000780185696488911
ck_69ff1b0aa143a168,0.001817276304604277
ck_e57c79eaab35ded7,0.002052941875254366
ck_463ae759e2b6ad1d,0.019351272360995236
ck_0dae4a7eb587f3ba,0.013272704233090035
ck_9b12fb56529ebc4e,0.026336529196286707
ck_1af547077ba2dd03,0.2942303916160282
ck_de13de941bebc7cf,0.0016208306531574656
ck_83dde7da2bf647ac,0.003853706263198939
ck_c80a94d4660041fe,0.027324106961109873
ck_f39cfeb277ef6528,0.001327824304549097
ck_1cec1ed1512a2d3d,0.0016816008269508332
ck_7955a359b6448799,0.002516416421897228
ck_8c0955dad13c3ca1,0.0039018784391324345
ck_6d4cd2de601a2308,0.017392034736800756
ck_f4536ba8dd2d551d,0.01210998040986234
ck_b379c198d6db2d62,0.018490063914146197
ck_76ea90ebc74bcdc7,0.03415164790585472
ck_734f06bd4aa92781,0.04195434455933864
ck_677e1d0c14cbf569,0.005672097803518239
ck_259271c70f3fbcbe,0.02960111231938803
ck_c0b744eb9e7d4eb7,0.008360676967917325
ck_3d41faeb96802f68,0.0013653416963475722
ck_8f604fa70fc3c8e3,0.014638403007903358
ck_0b3c3bea0e0ed339,0.009135750583767685
ck_be5df076b8a86409,0.0022142788162065425
ck_6a475fe324d7d790,0.027229322209412595
ck_3ba3fa5387bacee8,0.0008527401986815205
ck_324b9939d9c1c31e,0.0024907126890173974
ck_a7fcf7b592f68ca1,0.02450036082551542
ck_5b2728f7cca414ae,0.0007226109417908086
ck_5f4a25ffd0b85a47,0.0163270060965285
ck_63d4f5076fe4406e,0.003073801778627017
ck_af528d66c86f0cb8,0.006567856178262844
ck_ac7cdb9b8da7b5dd,0.02210801426121016
ck_3bece63711407e25,0.031543504532182846
ck_d4e0b2a12fcfc35e,0.00406644811352006
ck_ee3e7c9d3a9c74b4,0.08282215270948927
ck_50d7c4dab837bf66,0.01183745639872108
ck_ebcb93a2990fc914,0.06205954154588558
ck_2329cc9702cdf7a0,0.03750198049365824
ck_db1fa53d588bf99e,0.015550742220475394
ck_44e57a0bad5a0745,0.012504600654883348
ck_472c81a144f4631b,0.0017381954036656396
ck_1658429acd5306ba,0.020380213867818877
ck_466103ec5bd9444b,0.006880854972253217
ck_9757163e25262b74,0.039724237224233724
ck_34ed59bc2c9b0186,0.004545940642965152
ck_b7bd3a7f263f4f29,0.020678031084320602
ck_149662b09d632e41,0.011755070952239278
ck_a9ffd6b3957bd41e,0.007210329888875251
ck_ab80466ef615e85c,0.0046791328043946645
ck_f2c824d3473db24c,0.007279334226632042
ck_a4a01fd45936b078,0.03517156027792844
ck_8f6ce158c2902877,0.0014321835305646036
ck_5189a302cfa7cefd,0.0016116091881860828
ck_430a3d03be588201,0.03305684345198905
ck_b5f9dd00914b4db4,0.01349462780032413
ck_52dec82e9cf6135a,0.004382106924017351
ck_95e444a01e2ab4a5,0.026822177442882438
ck_e37cee7b123692af,0.029615547946967625
ck_d68d42858a55adff,0.03311490056096792
ck_3abfc010091d679d,0.02259838337721259
ck_cee4e4e1b62bf82f,0.016051382742750756
ck_9ccb17c35e636c5e,0.013973831338230774
ck_f72a5a3b0d6c1177,0.0016260933502464281
ck_7508aa554fae6afb,0.1366404167007819
ck_003aa842b7ca1d77,0.3433546374463319
ck_83b2b192f41ee2bc,0.1702062942266694
ck_64796b6b2c3c7f06,0.014004478381911366
ck_6438ae81d43cb196,0.01948483864211829
ck_2bd73d9098504760,0.11094825797562403
ck_aa8b9b36a099e4c8,0.03147580525329463
ck_e5ece47d0dd10526,0.011415291389371722
ck_16077ac345472e6a,0.005928510147074487
ck_a4d6e152b0076964,0.008729552926536358
ck_d90b1d03ae151f62,0.051797768786864144
ck_18b36d342b530af4,0.015054012012273299
ck_2a01e610348b84f8,0.04030275196046366
ck_0a93ed76bf36c8b6,0.023885664987055254
ck_3d56b477fe2370b6,0.02762309969283545
ck_17ab3068fa303682,0.006320777763376023
ck_592a3520d841d11b,0.02662576500818685
ck_84d07028b5fca2f6,0.027703171433355864
ck_f4a2bb10afa85743,0.004866925923907021
ck_4fe4b072f03f2c1e,0.0037686081964856855
ck_9ad08fcc183ea1e7,0.004553417364527058
ck_130d3848b9dcdb05,0.01416187343242935
ck_bb399ed6bf28c230,0.04092290583425181
ck_a31a64a39a2c4941,0.004272006884495742
ck_c49f25dfb39909cf,0.11372023298235695
ck_55f50a9ae2db8ff7,0.002899042498281828
ck_09faa4e771cf876b,0.0209544444919618
ck_df520a7a6e405889,0.010152633844584764
ck_8c8c98cc694ac900,0.02442608853192169
ck_7f0c4f609673ef62,0.021849518986583594
ck_f51fe59cd445d2cb,0.021475163117119972
ck_b3fb83f0d772a831,0.008649888699881716
ck_d6e7e257751c299b,0.001459254822364463
ck_0d362ddb4a1cb6d4,0.016807202533930206
ck_a574a08edaf81781,0.006452573106173196
ck_a823f5bcb0e4b9df,0.0017975517259480086
ck_f792586ad0381eac,0.02994374345574253
ck_54bfd70022c66983,0.009076543908490374
ck_fe0a9372c9372de9,0.002232012596349042
ck_5691cd6fdb6d8147,0.03112207511512599
ck_a95f212a02433d23,0.00288277150399758
ck_f5adad75e1c06731,0.03582225228832309
ck_e09c97520eb0533c,0.01744247598124769
ck_a1e13c0d58560340,0.0017112700846497993
ck_cacc2ca410cbe80b,0.020850014956318868
ck_c0dde2a6ef1e08c5,0.00334779972870968
ck_a04403073c90ce38,0.0005681881137326743
ck_03d3026107175dae,0.040287355495458366
ck_50176dae5b1b716d,0.0019892654917512127
ck_6c084bfcb38e96c3,0.054400338800127096
ck_36d2be9012f7909e,0.020955532719386247
ck_958acf84c6137a22,0.024167918818184198
ck_114722e12db90a73,0.0027839938134052544
ck_203c2a22c0c165ac,0.024471190923425
ck_2c44ca550e5cfa82,0.07423083793452939
ck_df0a8f20ab8f14f4,0.043557268045172744
ck_826a27ff7555192e,0.006002216803056517
ck_09a988ebcf062297,0.0681796425253795
ck_5c82444b3b9160ae,0.02206021121008483
ck_f6a4a7ed27fe76fc,0.06327140277357941
ck_17de46314b5c6a92,0.005751647415638571
ck_335e63101b1e6c4c,0.025114684264184915
ck_c5eefc0697451de9,0.06281572346956352
ck_49a0efb5d4067b6f,0.2383426148526986
ck_c1f4509c8f5dac5c,0.02291290450954321
ck_57658eda1c59bc52,0.0021952496965898373
ck_0d5c0736ec76385a,0.0012694110159775665
ck_e0239e6ae30795a7,0.010815279424786425
ck_e4459115cd8e5e4f,0.013889404823157944
ck_bb4aec09d4968dda,0.1962388796173117
ck_a1b4c96faed3e0db,0.04442175553436482
ck_8247b79ac67aae7d,0.018802243580778203
ck_fe2fc7d6e5d83f09,0.0029086993907493012
ck_f6aea576cde8d592,0.0005912177083052644
ck_b7e7f7d0cd886412,0.0954081792545888
ck_ca7b993e8286af7f,0.00253695557473429
ck_47de038381a9cd65,0.027510616543115325
ck_d38f941d09eec820,0.04537324542902036
ck_d9ba2a6c0d926b4d,0.0037725884808770763
ck_cda72f597330d0f3,0.0032395432632992154
ck_16d2d27fadeeacf7,0.00633690125837408
ck_be05447853d423a9,0.0011998921885430116
ck_cd92852d7376a4a8,0.0034756290209309293
ck_2faf7ecccc9fec58,0.0008799899480261752
ck_db8733fd92f20cd7,0.059368234209081744
ck_a9989a3a94c26634,0.01361277857193207
ck_957fb25437c75e41,0.04712435762458995
ck_e6a6caf6e7de17c2,0.013491513786955966
ck_f7bc569b37e8bdda,0.011950823577789975
ck_703b375dd86a6124,0.030657123403398313
ck_d3cfb3603f2c6ca3,0.07619727038409096
ck_07cb2b6f2a4303e1,0.040031889745190834
ck_31631e2028d4f855,0.01979466749838293
ck_1631bab0ba1256db,0.014259304212982871
ck_5fdafeaec036f016,0.00993551409668922
ck_6eda4c36aecad602,0.009657780793811768
ck_bd1bf9e3e29de281,0.13161968567084212
ck_bf378ea558a4125f,0.6012841005036819
ck_7aa2deeda0e57412,0.9988294521253981
ck_d229cf7f5a3f38ca,0.02316288026407069
ck_9e109edd124492a5,0.005785161293961269
ck_779491819995625d,0.020423437680997664
ck_b89c6fa2ad0a12f5,0.012342026782998219
ck_1d01b4a609918c4e,0.958733039655937
ck_714c5d7cb17bc9f2,0.021372688015274192
ck_269f1746f2609ed4,0.00547465042087962
ck_4be03a2aa62b93c7,0.0015827710169361454
ck_cf920313f6dd28fa,0.01737041414238539
ck_fb00aae4e17740c5,0.010084852412005105
ck_085d8c42739e2b10,0.9969086298484335
ck_c72a7d0d03cf3e17,0.3366416849580814
ck_8f6ca5d3b17eac6e,0.0017960288442091337
ck_d9573100bbff4014,0.24024759880840135
ck_79d6793d1d0cf43c,0.002366578159802049
ck_91fa5032f7aff0f1,0.14877762121645083
ck_87110d84872c0fed,0.04222805267959766
ck_8220da627e9992a5,0.0023465467876343567
ck_2ae44938847f3852,0.01917975145676376
ck_b0f191e44f9b6f35,0.03847412067850351
ck_3049d744b527f4d0,0.008301729794494329
ck_47d3e8d1dd3fbcef,0.010198806618179627
ck_ddf787359d2b5deb,0.0009192060445379649
ck_b27a9e39726b26d9,0.005766168293486979
ck_80c4e9274cf976b6,0.9827210404626364
ck_c6afa913168ce8fa,0.00507753105218079
ck_52427b3f8478db19,0.031454813810185896
ck_3b810f15ca0eaa55,0.009839712308610336
ck_0c9e420f97baaa06,0.8434787834884214
ck_f8540cf3a8b2f8c9,0.023034102042098378
ck_1402d24dd623df72,0.004381083781232058
ck_eb4f4267e24d042c,0.005272537650357012
ck_6f661b428d6fb8e4,0.023315359376364187
ck_519a26ecf3d29c90,0.0037043696891585647
ck_e886ba71d4a6fd73,0.08854931089481581
ck_437f9ecd2016a1a8,0.006085680802254144
ck_f01af1b0c977cc06,0.009457955482426015
ck_614f777c2eb5d537,0.0049917617178668276
ck_b804e784cde9af8b,0.00880262495477397
ck_c2dccbc1b24b137b,0.18851638042265073
ck_1df4a1781a0f6999,0.017167189873792336
ck_bd2cdd53fca26171,0.01244108533483173
ck_424c254249a109f0,0.022804093512125624
ck_cf2ca4f286e289ba,0.08958700105022226
ck_6c33cb15b0d8af54,0.00626066149475436
ck_311d395fa9b8550a,0.011530960725920303
ck_9f792e7e721ff7f1,0.0027132228966543
ck_4c37586080edb7fd,0.0009948156094430722
ck_7c4f42c5397113b0,0.009830598668055695
ck_fc418f53ce4aa579,0.9026213359144272
ck_1ba28fb7ef726ce2,0.0154668089902293
ck_d932f98bf6b83956,0.06810467663185914
ck_248b3659a9239240,0.0120869929429684
ck_6a92cf5f4cf5de38,0.027760056617748954
ck_65519d0fb137e0c5,0.009519600835705652
ck_ddc3fc99eaba2064,0.042861319830762835
ck_7310cda3bc65a73f,0.008034653228016695
ck_c01c85bd631d4054,0.0030044229514762095
ck_b4954d16b9749829,0.013857988111678257
ck_f301f6758e170d66,0.03552049493245518
ck_9bf95f8c47e7c7b4,0.006012917263772914
ck_c91b7fccf6aeb4a5,0.03454778995051374
ck_785fa45e86bc5e95,0.02027274959080524
ck_2a65f1cc23f1180e,0.001605231806339537
ck_a49a2c1f881a3560,0.004912463789364948
ck_def344d68f06d749,0.009368137648105082
ck_abbd1465fc730d78,0.00309583792177336
ck_07a5610ed28162fb,0.019418681884050385
ck_7ecdee2d7127be8b,0.009217673973496689
ck_67858bc00e81490d,0.0007450878673516986
ck_b4ad165ace910222,0.006355331387090679
ck_30753ffe481a1b8c,0.8618930048909081
ck_c401a26725b17177,0.0020265149666632907
ck_819988d8a7f26415,0.005138058730176748
ck_3364a1d9261b3638,0.020013046447362952
ck_c484c5bda389bf20,0.0005968571193287493
ck_ae416325fef92c9d,0.940107778885021
ck_5517b9a865960542,0.0038375503615638014
ck_a0e96fed380440b2,0.006662330473507746
ck_e83409471d2b0b44,0.03517791153604569
ck_127273af97d7827d,0.0018588441482127944
ck_aaa9861c91bd14dd,0.009533813935672413
ck_a378c58294001a36,0.8796542319656929
ck_abb9d65ff1f95b64,0.23877236423950896
ck_a5ecbefa849ae569,0.012319271733467523
ck_aa9953c0ca2bed7b,0.0012729243750517953
ck_40bc6de252865f32,0.005526375693555075
ck_9fb11688dcfe1513,0.010885061862635373
ck_ba68841ca2ba073d,0.037004481640360735
ck_1d3e561a7d20be0a,0.9838169393326196
ck_99a92d710a29c1d0,0.023392241666533434
ck_ede2e887697ffac0,0.0014367981832068047
ck_e6de67c0d82a7b83,0.05898352873215515
ck_6b38763bf5ddbcef,0.025612955320871465
ck_8dd44eead7d765a5,0.026859448922870524
ck_30bf5b0056eea9e9,0.15699383550085486
ck_2981d16f8a51a8ed,0.0468111428561965
ck_fc60f42c68c7024f,0.09201064446696376
ck_8e2b2251ee224aa4,0.012276182611949574
ck_1906f0dfaf6e9bad,0.4059038589390869
ck_dcbe6814fc4ca0b4,0.10174406286806649
ck_f7e958a286ae3b57,0.0094975971574156
ck_713649668a7ca824,0.021052920784691967
ck_6f73cdbf9305e2ea,0.007810955058763003
ck_dd1c490050cd9051,0.029095920062621804
ck_e30db36e376606f7,0.13729708574097513
ck_740d8fe8028b5a2e,0.012530613464638296
ck_ebbc9418cd41f692,0.0018250149444369555
ck_7b3cc6cc3f250f39,0.007472389302107666
ck_1d30eef7110809e5,0.17469345709417766
ck_77e0589ab339ca66,0.01475848933501111
ck_15ccbf8ff7d14086,0.008927014200277625
ck_246989b0c288664f,0.028180021851257894
ck_fc2a6e27b10b10e9,0.0011967417171039009
ck_8afc1112c12f5402,0.009987874072690351
ck_a76e8d83b9141364,0.08932626535357412
ck_51d3e8dd7465c015,0.005224595275175328
ck_e7b4016909405981,0.0028195996210177705
ck_e7a3cfb9bf908e80,0.02960814148421591
ck_2bb49dc2388cdc1e,0.004251801067982615
ck_94f4266ee7871345,0.013693203674284957
ck_b2c896beec146477,0.01829860888062953
ck_fcf5d4a4748cdd53,0.002670336943280293
ck_fd0483639811f62e,0.27267018002709026
ck_9a21d183524734aa,0.10342227379382216
ck_1df4b46c0a4c317d,0.028522915119499215
ck_638df9e8a22dfe0b,0.009114108519051768
ck_65acc43a6dc3e65d,0.005484719120744532
ck_7c67b73196e3d0d9,0.02548956800700311
ck_b0ee3a98175b462d,0.008760561266581835
ck_20fad010969f1abf,0.003909038049730996
ck_54b087bd873af8b8,0.0070154720603928565
ck_8007824431fa803b,0.004359963324543395
ck_23aab322810b9fec,0.010174151315522833
ck_c8001bdb9aafc8a6,0.015284322006557783
ck_3a34c3ac83cf84b3,0.012315762324775397
ck_60187ac2c473a662,0.9475182145986295
ck_6a0ccd7357979f0f,0.13377273247642016
ck_27f20337bef5ffe0,0.024932612895072623
ck_f9fc468915afe49c,0.04580115018251135
ck_1eabc15a94bd9009,0.013068526343440924
ck_26896c494b2768ef,0.010412437470853603
ck_348c874eaf0354f4,0.12131670446984999
ck_be9c46acd216b45d,0.024691333357122452
ck_a3cce46d15cc20a2,0.04108040332678653
ck_70804f60d9704128,0.11057388968826946
ck_a019151ca8e7527a,0.01814213089483889
ck_571133b2aa8ead51,0.021200239533806335
ck_0afa4449f20d5196,0.00827468211770139
ck_4d503c41cf4e5034,0.0324366043658856
ck_d6fb9cc5171e3e9b,0.7911144774989358
ck_05ed92a7c3e10e5d,0.033117754401438174
ck_bfb067986660afe3,0.033741500709748184
ck_c1a31690c8573226,0.004952613848675426
ck_cb88ef3dc1f42225,0.0013737182789700564
ck_21e3b3bd998745e5,0.030891055880698695
ck_cf52e46fa54e4540,0.0017285714169378945
ck_b72c7ac4208052ab,0.04572373447257935
ck_e6465c56b337e6c2,0.008977911065819572
ck_5f87eb05d18186c0,0.010479550044474243
ck_263f6c5ff26b5e98,0.003389534490100843
ck_e0b7e2c0bbe228d9,0.0021239131649132396
ck_b657ae3c146cb7bd,0.002274417461671181
ck_abac514d8167ea58,0.024706608625202624
ck_024dcab126876002,0.012199242167505802
ck_5d8481e2b38bd99d,0.023296327493864705
ck_edf229c17d25dac1,0.2487745864102236
ck_6cb7c97b72d6b5d3,0.01286951094308072
ck_c96ae2c28086a059,0.11594210143358709
ck_2f241b97c0f8389e,0.019978370502280893
ck_9158bdbb63ee8987,0.005859783761576861
ck_e7b40b60786c1530,0.0034523042061904642
ck_66d38518f68e6194,0.0013050450330943937
ck_8c9b57ad2a991416,0.00957121902126259
ck_cc91bd7152d3e9ba,0.007928232674130483
ck_0d846660c7957a88,0.004338731668170693
ck_60896cdac2212bea,0.05327923747487217
ck_dc4db8b932df49de,0.13121645423032982
ck_2dc31db181150e20,0.010246918690516508
ck_2f138fce1171e277,0.19141919042155509
ck_68b8b859a6ef505b,0.020213276265330368
ck_c3fe0c6c5e1f40f6,0.011217118477501462
ck_15886fe84866de92,0.03421147137933137
ck_ea269b35406473e8,0.004217263080975256
ck_3ce7cad1f69b71d6,0.01549285860879581
ck_054ed4288ee58d6e,0.09311489301027089
ck_3d4913a86f207fee,0.031027033488608198
ck_23ff85f9d2355e8d,0.01850128432454315
ck_d87ab3261322216a,0.0006045273976548292
ck_fac046ce336fe39d,0.004720230780051471
ck_beb97e498e6cf8e8,0.043832228679223026
ck_1f517e0ebf397b51,0.01357067044900451
ck_0af57ebaa45877a1,0.0036304433136678345
ck_f99bc1732ce5e999,0.01798428328341184
ck_abb056a9deab275a,0.01656515666181653
ck_0bfc394c5faa65cb,0.057297308109904424
ck_ddc865af1dd5670e,0.016217260550285852
ck_68b5542459638b56,0.031874049883245374
ck_0b1d84252c0b46c2,0.0019656847238975587
ck_520ec32c4f253604,0.03105775512128106
ck_79ffcfee599d77c7,0.01734678182340641
ck_eb224c0fd146253f,0.055349671282846104
ck_0e477084434da450,0.017253401382830914
ck_07840bba5570785b,0.02883097802343622
ck_6b67fe8e310ab865,0.009860825096320162
ck_e2a1068c2fa22525,0.028887504350850877
ck_b9c6b32f6bd92a3c,0.004237986297273915
ck_c1e7d1021ae58f00,0.001931746258704285
ck_5d7801201749ffde,0.016749668974339507
ck_c8806749e263f70b,0.0010471946354125962
ck_c9eeab826781dc91,0.040456765577572974
ck_309a432c160a17b3,0.008897216876968723
ck_b22e3337b8e3dbb2,0.0058746675389225915
ck_79c30169c71b8033,0.8475588119824509
ck_5a6593d954085775,0.003684916330042117
ck_70b9b79ea1aacba8,0.02057090130968957
ck_63743141ffa11f45,0.01451465388963629
ck_dfd3dbd0d97a642b,0.0031891454082888858
ck_635646a661f05b4a,0.03833176032968453
ck_4b123d6931b6d0d7,0.47821605380164905
ck_f2b0e7a47f442557,0.7392606651397632
ck_1b1df006b81d38ba,0.012036364064876435
ck_360237c1bd30f4bd,0.005732937280951304
ck_5e84bca0e362da20,0.03135178115974439
ck_142dba210ed2f3b5,0.025951607608227352
ck_a3564236069e3524,0.047633372073665595
ck_cf36d8b070ded782,0.019654127822983068
ck_ddd6625c5eddad70,0.0014545859750737784
ck_ad54292a0b2f44ef,0.012644051066282894
ck_45cd5ef6b359e9b4,0.00377674993590086
ck_982c2392238b7be3,0.3394487293446632
ck_083e4ac78685c3bb,0.02378359807311069
ck_729cc0b46cc2e546,0.12707901693581367
ck_f2b8995fe5402759,0.004985029930599485
ck_73e24f5a8da289b3,0.038972335475847664
ck_bd85f30c36f5998d,0.04793754805601089
ck_ee4ff3aeadf912c1,0.004790102544928314
ck_63d2978706e193d2,0.05006725921070224
ck_6a0684436a1e66c3,0.6549327123979815
ck_182dc4a2f5a366da,0.0029172725137456505
ck_e6fecb82fc2a82de,0.01132497938916127
ck_cfb06f07394dfe64,0.001187457872753116
ck_7bbe1dc8add17ef0,0.027183039268434437
ck_5cacad76e02c8e3d,0.9172807182016248
ck_ca68dec0c7df5a12,0.008233208333768505
ck_e4c0fc52c82065d3,0.015895563060507857
ck_f9197b070416f443,0.006302440740755779
ck_2a07c7021b71cf65,0.05401013761229708
ck_4fa85cebf707de2c,0.00203033669841241
ck_0063d2a9507467e5,0.011376024375883146
ck_ec986285fff05b7d,0.002849433740502553
ck_279d43303708109b,0.011421238334685965
ck_a406bf11e48cf8c5,0.08763373712108039
ck_064b2aa3f0bfdb6e,0.010374220165805657
ck_95790440bc4bd2d0,0.02479159266734056
ck_70066eea13b4c34f,0.005461080757092253
ck_19468fe07e26f992,0.9076453031709844
ck_86bfe328e0a533b9,0.7509356481494697
ck_ace3b96c977a7560,0.46715915645404227
ck_642344e5c652d8df,0.023787406411900577
ck_074be35c951ae10a,0.011164611214303545
ck_f14dce41036486a3,0.9873226562834664
ck_5cf67a3a747e684d,0.4832693484559755
ck_f7285b92648c1c81,0.0031921917144165433
ck_bef3193f124fca5c,0.25371578147318125
ck_05c4dcbb45de1f8d,0.0028838162066693344
ck_d7c28eaa05bb7144,0.011531400312440713
ck_320df984791a1b99,0.005673666235572865
ck_f45bad1606fa00a7,0.0036946216473815433
ck_6f81c199e986d9fc,0.01850053566114495
ck_d0c9633fed57c344,0.017657985216690392
ck_a3c25d6cc7478068,0.007536099987312371
ck_4185506d12cf9fa0,0.0008026869239131652
ck_7a02ee1bfba7353b,0.012399172145661209
ck_1b52590757c0fbeb,0.017385543465409988
ck_a0e5656e1cf9cbf5,0.002554203320287308
ck_ace21f6daef94f6e,0.0068570631226741625
ck_646d8d0834782d6a,0.35550766952845597
ck_1f136a4476b5e775,0.010995816032531457
ck_325c7643cce02da3,0.02795713042963784
ck_9b5e7fe28208f5d1,0.0029472249893537886
ck_05d81b1a150f31c5,0.0037587580133760395
ck_0e9ec486bff403c5,0.013337362021451507
ck_ee13c091bc379188,0.035844248540266084
ck_f7a7f8f5903617c5,0.04531036969029888
ck_96c3a3517153390e,0.015160210880791503
ck_538dad7f096458ad,0.009131646984473388
ck_8758fc6622bbb7df,0.05770304081194799
ck_f7e53af3c91fec64,0.026428952818061926
ck_80b50fad7f255e1d,0.007647596958072072
ck_9645e7adc08631b5,0.05338198589972272
ck_e007aedbf37d6ec7,0.01025044490487506
ck_2951d76c41de2569,0.07787640904748769
ck_9439bff87e616d4a,0.011867414596150544
ck_a73045e96af0e4fe,0.010053190009105524
ck_7b382e533e2e925a,0.013346177595178678
ck_730226c2d216cacc,0.01835204582180378
ck_bdf837d761a7cec2,0.3558259395461866
ck_0b34197335ba3341,0.008693914118380358
ck_49170c4b31a20f5c,0.002116285694828146
ck_cd553ba6589d8bfd,0.02295763835260333
ck_56b992c6f136fa5e,0.02824324666415026
ck_8beae3d7328fa41a,0.08156005840763575
ck_1a065ea906ae3d6a,0.006171208331338402
ck_e9e3381d5e0e5051,0.008065203778014772
ck_a6d4f998dadc90c2,0.8765828844764078
ck_d36733da917115a6,0.058094813453927974
ck_e738e920bbd74a7d,0.019055052193766322
ck_af65eb885a51048d,0.0016269558898861223
ck_73f4eb09af29b1c0,0.029737271722973316
ck_8fc641b1750a2542,0.04984511654638499
ck_41b954c7a948c060,0.003701758508239737
ck_25fc3010e8a0f6d7,0.013188908421070459
ck_a2624e0387974e0e,0.0718940668627397
ck_5cb9d7b2329d5ab6,0.022417040794870283
ck_6c83aa1d100a7cd8,0.05825357805058582
ck_67025c64588abd1e,0.007472056922895896
ck_f5dde68f6f0468e1,0.0034255069016479876
ck_46bfb2cfc29a6d2e,0.01053234734910684
ck_49dddb894d33f6db,0.03660533053664853
ck_f738b633b8862d18,0.0007142179962649625
ck_3d6c3c00d854f5a4,0.05081594317789718
ck_cdb8061d8d1a6c5f,0.004359598595566083
ck_5e1b81848718bdc3,0.018410688026370643
ck_8def763034187436,0.026541677755578506
ck_8f8e4fb9c6190272,0.003584754862167326
ck_368b968b5f33431e,0.0020092989825259405
ck_ba7e347251ea399b,0.015216765808129102
ck_9075432001a64e75,0.01697992581197815
ck_73c5371635aca173,0.713353606873461
ck_81793387b38047cc,0.0023770122718313968
ck_0cf220816e320ac5,0.005193884459125019
ck_820219bb9c761b52,0.32578029251108986
ck_70a932ab39d86a24,0.0024839996108253974
ck_2c4be237a7ed79c7,0.00376455128249275
ck_acc764b49ef02826,0.1830683106968697
ck_74c3c3452e4e7cce,0.002959393373382837
ck_34dfb57e5bf31d2f,0.0378802880000758
ck_6ec39903f765956d,0.04511131439584122
ck_5986119e7d81e831,0.026444472341956248
ck_2ddfc948b8eac752,0.13145560540189094
ck_921ff5ceaf40a968,0.03484543203190048
ck_fb3b68b4424b5f92,0.06469946435338068
ck_c3db1b3ad4f16679,0.005653929929392617
ck_124a197be41687f5,0.04825349179422154
ck_c58d9151834f5bad,0.021373801631988276
ck_389607982eb6b701,0.7135028954754147
ck_fb0c138c003e933a,0.0015181380948024012
ck_50d0bb7edd8c69c0,0.0426413532364599
ck_c6cb651149dc9a8a,0.005591154585998058
ck_81e21354e477eceb,0.02177008228282114
ck_7696e38b3e4197b0,0.02553515036335122
ck_586001d3ed9e7fbc,0.0007045324859377002
ck_bba413492dc46f2a,0.023328436134320812
ck_95b894380ad2702a,0.04991729205628049
ck_277621473369614f,0.9945266199041292
ck_a50621b5eeca84b4,0.0016284150909219252
ck_bfa7ba218b988cde,0.02896825507719151
ck_5ea89567dfe78e4b,0.014222491868870733
ck_6c679602a6476ab2,0.011833742990113303
ck_d3885e286b3b11d2,0.05463704026235745
ck_cdcf6671b37c9c92,0.00941709003803227
ck_b5c93e6d34f8d366,0.004175361187719923
ck_c24f61925dc158d5,0.06311061004071823
ck_cd09375e6c81d2c4,0.014484461836453003
ck_a95afc7a00303a26,0.017800929575378575
ck_8e89ca8b39f3f8ad,0.0049006145404440335
ck_9a84b396aada3fa8,0.11529588067166356
ck_5124a2e415384945,0.03176801410322053
ck_d66bb1f063357f99,0.007721927166649079
ck_0fd9312411b0ac55,0.029285241569341876
ck_ad8cbe6e27e47ede,0.01430935615002076
ck_8398adeaf41f9cae,0.017877522336840382
ck_dcf851e7bb5855d0,0.0016218737588298922
ck_9affb0f26776b642,0.001688143986786609
ck_f0424b3b36bdbef0,0.05357757409572975
ck_66746d1090d6d9e9,0.0020567149235679524
ck_e5f8c8a5824db594,0.008112121526163215
ck_3e91dcc209431984,0.028741343984906194
ck_126a82e8d42e5ce6,0.004492138569928262
ck_38e4a74ab256e2eb,0.015124580471795051
ck_1225a97fc413a419,0.03648511143273861
ck_9b5ec0f78e160e65,0.008253627922902384
ck_7c5529bcc079600b,0.031641955686955055
ck_29640fc2fe81c251,0.012447708947421655
ck_160e9ba0a3f7c1fd,0.0036780947275817503
ck_bff090cb4ab76b9f,0.01846169472840909
ck_aa06ed358e43db69,0.07504833026106889
ck_7264486eb512d84a,0.005292508336500121
ck_f5a32e6160b28379,0.010173296740288681
ck_4ba8bec14c2217e1,0.017493056082417947
ck_610815786d729d2f,0.014584480698800417
ck_e267999226b6321b,0.00351875878213467
ck_f3996a3c8eea1ea0,0.007487620440477618
ck_e9b75ed7567a3f23,0.04493755380110604
ck_d21612d48bb4f7b8,0.03053904013719901
ck_1f871df76c6a995b,0.036602436222783225
ck_953bd5de48ccd70f,0.7589240959283722
ck_02a9104419a6dbaf,0.005771639840796296
ck_1eeeee651e05d535,0.05381132724767459
ck_e2ab04136a442a98,0.009955727184209515
ck_f0d806624ef3d359,0.012077977705595645
ck_4b68b38c1b3326a3,0.008275512858412666
ck_74e60495f8861156,0.036656050486869186
ck_398f3f4cf05c721b,0.0009516384736355146
ck_f761b7650a0c1a85,0.024811319544911982
ck_7dadef33f5e2d94f,0.9904442352797131
ck_6ff6883633b8c7ba,0.00418641298139767
ck_4d2159603045109e,0.005190813052060411
ck_a38bd07a5fac5c9a,0.004755849365814205
ck_f517f06551e69507,0.0077389977442368085
ck_a7ea00a1760ad561,0.9666224245008097
ck_31fc51d5a3dfe16a,0.03710547811057463
ck_bac5233623b25ca4,0.011749294584914319
ck_385188ab27784fe3,0.04702267273393745
ck_9947a323bab5cacd,0.08635929800060642
ck_7973edc9f22ee7b6,0.043241270950281824
ck_f97c477986043755,0.004177815915947873
ck_1a3fd2cc4b4de196,0.004270344881091122
ck_e18ac29ea62cb435,0.029031670283181266
ck_9720a472a3e0140c,0.002975250350601679
ck_668c7fc7d7e47c0e,0.029070122451926188
ck_214af0806470ef48,0.013126662598772368
ck_a46c1773f01f0be7,0.2784557181778347
ck_f2bdcfb4203ffdee,0.0624720704605203
ck_40e84e6ffe788a4c,0.024486764152120893
ck_dfc6f5712d8d6678,0.11502897133104374
ck_01ef1036b2e66a4b,0.026067250558345228
ck_3acfec10eec32f9c,0.027046127411515422
ck_084a85145c15ed77,0.003460203658653436
ck_fcdb4fe2f095fba1,0.06596607727497512
ck_023908db0a193076,0.09499916431963817
ck_fec0ff92fd622253,0.0071826021084104566
ck_c009c97d5fafbced,0.10623433628057748
ck_eb9f0c06ee017ee5,0.011017623872736358
ck_d7792b429620fc24,0.005836169991797354
ck_5e9e149a3b69c726,0.029380399894630562
ck_ce927322ef8f651c,0.017149325671658427
ck_b8fd61a8e82bce32,0.9356002682615288
ck_9aafc33fba1474cb,0.01689500352869511
ck_ce81ff9b8b35562f,0.004515137878801526
ck_25bfca1d8eaa152d,0.009508200329458113
ck_170c65860e2a7e23,0.0059568300499309905
ck_952da7ca9f33decb,0.017008932534589145
ck_1ebd574406235957,0.018674058550296038
ck_589109a188adc2c1,0.0031796250838778246
ck_f0cbd5383bb07778,0.07997442626864473
ck_242521e261148fba,0.006739076182074722
ck_509cece86a558de4,0.014992137557071544
ck_0dd7c5925d28755c,0.008497170157020265
ck_a7e669cf1c3985aa,0.016476778485195735
ck_acb84dc2351eeb76,0.004100082932317446
ck_b837c7dac2a9b931,0.019987516597627035
ck_18eb1f9181f95df4,0.006660872745934712
ck_b0b9047dddb1ec84,0.4775236096571487
ck_43aa136bdb0a2832,0.3428978268007944
ck_3e47f8c56c811700,0.013246649474036754
ck_77c587d24695ea15,0.013555591978500488
ck_20578ac693ea4e93,0.028017982999933768
ck_b9f6040eebd1605f,0.044652467484667197
ck_ca9d86f65cfdf018,0.008580617762391505
ck_a4fa8833995c716a,0.013900331470788585
ck_f589f1e29301b5fd,0.017586939790786224
ck_961ddb8ff55d868e,0.0021047412218592855
ck_5662492a54e6688b,0.06926935875213501
ck_ad48826c1c26eb78,0.2919342125029107
ck_621c9ddde6bf2eca,0.021104772737559143
ck_417a3500b2c717b3,0.04929882964547802
ck_c7e129058beb3ac1,0.019755295368632343
ck_ec1c902b9b9b9c5f,0.0872364048962484
ck_317360ec0a67d27e,0.08063504539646221
ck_3e3ea5d8c4a229dc,0.02473309017811805
ck_d11d27de7bf0b973,0.2996555266672987
ck_d37d56e931105db0,0.011872770478973567
ck_4863077723cd6ce1,0.0012392451806588936
ck_479a065d5903e9c3,0.005224813749194234
ck_e66ae4fd586fedea,0.010143361526685608
ck_192bbfd0d5720134,0.010327524640045722
ck_3b436cb29af99f3d,0.01169388301524733
ck_7c7ca54969eed187,0.028790536872546832
ck_826ee896c9f1144d,0.19474880217539273
ck_ba1f6dd43fc8a0b1,0.005619011357603454
ck_49685deb63e4e8f8,0.00794657857238369
ck_687ab5d5554bfa79,0.05388474363465705
ck_41346ccd9242cc8f,0.0017900347479356165
ck_8f8e5e2b9dfec3d1,0.026470019771197832
ck_94d5ce61a0c50465,0.008019522680200864
ck_6b954c75aad8c012,0.027826145688100247
ck_748af92828c9d288,0.001763425886845565
ck_dddd14091ce812c2,0.012141740061580664
ck_723323f6870fab59,0.0322298297800496
ck_dbdf8d0708cc6718,0.006720072415977011
ck_f04938570a154de3,0.012817698621676294
ck_58afa1550b3b5294,0.00836533077583844
ck_3b150afde386ecff,0.026719821802688285
ck_666b95e75d99ec4e,0.757880385279183
ck_e00332597cf1eb24,0.027609465262518732
ck_9a9e3dac79280d7f,0.20435708525343138
ck_e8d37262e859d9a1,0.022653873830640353
ck_895bb39d24bc1c4c,0.0028088487708123945
ck_b367449195e36499,0.0172796323847552
ck_d23f9a50d1135ce1,0.19261448097960712
ck_670dc4910cf476c2,0.0009441505494354631
ck_3ecd8a5ce65e21ca,0.011424230787889721
ck_8584fea2df4c6317,0.02448769128999986
ck_0789ff4562202b20,0.02001242592726674
ck_749e0e50c3907be8,0.002061648545327279
ck_c3ff6790cc6d7e34,0.01459456725697745
ck_75fb7e56432ee4b2,0.0063764732409993105
ck_529fc3170fd11abd,0.0577953262630388
ck_34a69b3b4a681796,0.21231635509578742
ck_255f0e5888ae9e23,0.07450913373124679
ck_65be698386474170,0.0028703445792990527
ck_5eec9ed855c26000,0.000903025314130531
ck_5ab39bdc9610f6f3,0.2276011532055912
ck_1b5b75762f033462,0.02144663066619096
ck_d3e208671cf37f91,0.7487670688125657
ck_5068ee554ceff971,0.028018808461733213
ck_d7d50fb57fcb2d0e,0.0020203495992091583
ck_ba6e1115fceaa067,0.011754118435077319
ck_d07bfb16a4a7dac0,0.9382626506648948
ck_ead68310311690c8,0.8369976065788229
ck_ee53ce862bc9c111,0.012124767929162025
ck_97e56e6037024dff,0.00287601277572916
ck_80b04344c98ec072,0.1136318831444416
ck_5954f45a2ab45f43,0.03460027909368003
ck_18ddf7e836256e3b,0.017365274008098612
ck_89a1a780144d808b,0.0246431582796755
ck_a7331e8b808c39aa,0.14546621238597027
ck_a1fd0ad03ff9b776,0.04273416047228837
ck_c0cf50eef030b401,0.0022108267894696775
ck_074f20921189e7d6,0.02680229611833896
ck_e2aa7be60794593d,0.18084468319497585
ck_72771757dfb7f7a8,0.013931300819805863
ck_a9cd84a6dddfe584,0.027953973394646503
ck_142c00f9f8557504,0.029555677310683894
ck_221b5d40358230f4,0.013397436474033079
ck_a2d7a563f520b7ea,0.019849210888704786
ck_66cd34bc568d95e0,0.03979610768134135
ck_a17128972d3e507d,0.006664386634909977
ck_bda299466bb2136e,0.008185959942628763
ck_2b699066665abe8a,0.02030926811741787
ck_0ac9848bd4ba0c14,0.000813459511042197
ck_98d2f9a6ba3a3077,0.7264951624187693
ck_a872df31b28a5f7f,0.1581840878093022
ck_7e73e1d44ce82ed9,0.009482448332872047
ck_1a415416f620d49d,0.04315589070589763
ck_c95c786d2f8b8edc,0.011427732453013423
ck_e45012f22b7f91d5,0.0015251915812676728
ck_aa0b083e2a6813eb,0.02770077806896235
ck_4666232ddbf77756,0.009769909848131097
ck_e08e9c8ec5f23d8b,0.010469753733630956
ck_31d4c0518e5f52c6,0.00645946630220019
ck_c1ab40638f04cb02,0.012131503037121412
ck_4c1fdd1669c7cf51,0.003258908682090894
ck_11662cc7940ffc82,0.0678345713019252
ck_2e679af24adedac8,0.00865001751235618
ck_454b9e21b7f25a4c,0.0020438721054182613
ck_355c4f29089731e8,0.7839299301038781
ck_507e40760a24d2d5,0.0264536810508737
ck_0943e0f305078e34,0.9736347695792719
ck_abc54ed7111e9ed1,0.0025297497985757224
ck_a60fe02fc04407a9,0.09886452468872006
ck_244b897bb4d57c1f,0.010505153149007917
ck_8c84fcde93a04334,0.16949755665745914
ck_9eea37d2de633b27,0.009908273208020483
ck_b2cb9e6610eca967,0.011871731099032338
ck_09aadb4c41b166f1,0.09110992913703803
ck_8d94fbb4828ef326,0.003372970464081792
ck_089e3a07abbe3b8f,0.0029783115484274462
ck_dfee9de05e3971cf,0.007697118076610824
ck_6abf8302ce052451,0.04908912938255013
ck_6ffa90143838a4a2,0.004538836698693702
ck_325caeab5c7a9c3a,0.007805699093607132
ck_1964ee9db929a173,0.6761647315505345
ck_942b95988a6245a6,0.11753300357068247
ck_913ecdeeb8e21a9c,0.023503154700057614
ck_ecf9794349eb4b3b,0.024337878091719695
ck_b6cb8d6ae828eed1,0.05042246002314165
ck_2f82ea66c4f53b33,0.13962377435223736
ck_6e676daa4855b58f,0.05310255632549753
ck_2a37fef48b44e9c8,0.01570056917135715
ck_3bd12d468fdc2450,0.010566165822296154
ck_1a28b6a40a6bd3b4,0.07014025078526283
ck_61b79dec96d15713,0.0036576407394265657
ck_31d5e3daced93d3c,0.01758012175268168
ck_e6c8611c0cf233d7,0.006873399519586726
ck_f04761b4a937ac3b,0.014967728401851432
ck_38c1c75cf055031b,0.05002207754039431
ck_59a561f3df01441a,0.020097353514502928
ck_04e40f556a5062ef,0.021756076240502485
ck_8409716d174635b6,0.004471588222806403
ck_3019afee83342701,0.04184354112187771
ck_b51a58e7f032c9a8,0.03259018358471127
ck_5043e474f848346d,0.025042749252816396
ck_4388abce33ecd01b,0.41897551399757216
ck_c93def7392f0aff5,0.06174851406853048
ck_72e7b1acc19df820,0.00817638468126906
ck_f253130dc3ca5b3c,0.01321256293965547
ck_eb264d1b180d4b4c,0.021900203422850702
ck_c2504f5a113433ee,0.0014938484104937723
ck_c16ab1e4dafb4910,0.20101715876247708
ck_4bc42878fa180991,0.07594160614636812
ck_1c771a7c78f6622c,0.023841206028664456
ck_d523f0e50a2747ad,0.004312782253001489
ck_9060f4e7ab7a1b0c,0.032204769886403535
ck_6b55ec4e87a5e22c,0.06122928727783349
ck_55fc62a5f89a7251,0.020730605063720407
ck_bd2545c62f258231,0.07478465463521657
ck_1ccdc69d0bb712b4,0.021900728790931124
ck_710f867a3bd5898c,0.003318318758699429
ck_f91d48c40337d375,0.002319999151687564
ck_f76d929541ed41dd,0.06727760686417661
ck_e26a6659c237b650,0.015156829964959363
ck_184983177b73dea5,0.023219092500652738
ck_6d0d081bfa8a0022,0.03371959572217377
ck_2f6e64f638da0f97,0.01127229132519124
ck_15b93103ccd38609,0.008705990033091079
ck_094d10439b7b4eac,0.0055886052992479675
ck_d2ca47180a926ba2,0.0074525987814634
ck_a69ca7b9d70972bb,0.003238083222960253
ck_68914e67343a7d32,0.008401470066994017
ck_8176616132458c0f,0.012647624120019029
ck_eee99af3598311b8,0.02834793086053207
ck_94410eedfca91304,0.0772089470998154
ck_cfb11a0a2325bff5,0.002869259198220711
ck_75217ee144b715f8,0.0432036396512816
ck_d56fc799542299b8,0.00259719823355333
ck_4c352dd3e7c81269,0.13151362559636734
ck_e23e50e02cb3904d,0.11434803021100942
ck_b921af37d500e139,0.01188753233291233
ck_82181b935360dcbc,0.9844080097807328
ck_22a7cf3b99c5e5fd,0.021064775241626015
ck_f67ee7910d532216,0.02228130466895327
ck_5f48762a14a0326f,0.003592473662436557
ck_1757fcb0e6e3f88e,0.06905268879501751
ck_2c2f080ba185016e,0.04801462341342154
ck_4c25570eb72711b8,0.005170207130995587
ck_a3be871ca22ac416,0.023228997141858276
ck_ab70961e7c6695b2,0.009266894362981013
ck_a1cdebfc42a52448,0.0027586862138950217
ck_f1b80b821a20186d,0.03548019238955107
ck_ae668e4564cd2aa1,0.003085050651430479
ck_0e2bc3a5afa439d8,0.027545521300622006
ck_3dc378f37d0b74b8,0.02094524019114193
ck_9f9555197480d1cd,0.016376218231698554
ck_bf4e7d48770a4a8b,0.07025565470566894
ck_614ef655f0685060,0.003473264753973022
ck_04d2ea38ee27770f,0.0015489173950573637
ck_e03a9d8ac94161d5,0.007717319807165942
ck_d4007b5b26d9d854,0.0022536564757484278
ck_2dd147ce6d61749f,0.023228126535146346
ck_ff45764ea7d6619f,0.019491212662005167
ck_dbc487cb0a6c18da,0.9268128356677408
ck_791d5392bbd80447,0.003523124181709179
ck_b4068439c413b150,0.020607328915156067
ck_85df7b7de9700aba,0.003032071632428055
ck_001e42551cd06e40,0.0050404320139855775
ck_a6c02ae50932cd9d,0.009660968408789484
ck_9fd0be2c018ff5e4,0.01841277023849617
ck_32a495128395fde5,0.003071078926183103
ck_b6f2a2fd232c141b,0.01967367551191093
ck_28dde633692904b0,0.10033584488891303
ck_a1a93c5f375f6021,0.006104854912614104
ck_e3982142336782df,0.030480231551964318
ck_a9812ff3c111ea94,0.02156272403272556
ck_f04062216f95fa00,0.029715000715033118
ck_7c560467daca735f,0.00026296842736550023
ck_76ee10d6e2dba70f,0.10292803701925743
ck_3521243bdac61178,0.022052242211639785
ck_28588fb03b320520,0.07248934731018634
ck_580dcec33ec232b8,0.010898056191934777
ck_7109923fd7dab20a,0.031185542540081
ck_7c872c99481c1e9e,0.02303137308630036
ck_46f4e1f5026f4d1b,0.0008517314306880432
ck_00d1ebc31ec4653c,0.017698899212991195
ck_aac70764dde15168,0.01576102502540374
ck_648c03f9aa4e45f1,0.046557835844811116
ck_5478eb69ef912785,0.10232883905898105
ck_79b8523137bb2603,0.0699714061471185
ck_795c49f312640019,0.0006931467547580935
ck_89184bf7b7fe41cd,0.30634198273018426
ck_97d4bd922996fa10,0.00826030658303322
ck_1cef30d08f3a598d,0.0050049155522449255
ck_2f9fd36a4a40a6a8,0.00141173545094079
ck_40780fc0f8d6f309,0.014473584058974708
ck_9083ca9fec2a7f4c,0.020953536663230736
ck_62081bc35aa59931,0.02272045441163175
ck_2e1b46c5fc56b863,0.09830362653809986
ck_3d139692c51b604a,0.09948819131133395
ck_b5e54e22e3d6960a,0.01262514422559519
ck_c0c4be3f44311b04,0.004165288409106165
ck_82a8bdd2692c2a5e,0.001304988887710298
ck_bdd2da300b530c5a,0.009896352698661827
ck_ee40498cd97183d3,0.011102839872569834
ck_70b9274473bd6dfe,0.0013509088666730177
ck_473d6314ea614b29,0.009053989829907454
ck_7443d6dca8cd1352,0.0034472422401897697
ck_3b49768b448b071e,0.0342270251283405
ck_b43f04431c267dea,0.0040628200893536815
ck_4424a5223ba2fe00,0.0416989803038881
ck_819bf3e8231f4081,0.020087698898398353
ck_91d417507a8c58cb,0.1754633656432578
ck_e88e86b19cada4aa,0.015373864863162723
ck_59684167f9c6bf4c,0.07160660761641889
ck_d5f5b0dc97b9dc27,0.04030241928242622
ck_13d1b192bbff8f32,0.012832345196457009
ck_b21d8630387cabce,0.009483496078146943
ck_e4ac22046699b99f,0.01782004129445111
ck_74b848064f2ff45d,0.0060002508793060615
ck_166aa980cc87fa77,0.04358993678697109
ck_98e337806104dd88,0.0051143031712267825
ck_66eb09be007f0755,0.014570462090795006
ck_3ec9b9d8dd7be11c,0.012343833032922297
ck_8b8b9de339d75d0b,0.03935722884792794
ck_6715139e240007d9,0.003873163821077527
ck_a0255ab46e122d2f,0.0016268704035075604
ck_66e81a4190c33510,0.0073673425884719194
ck_5d75ea4f5c9080bc,0.5375567752565197
ck_df69858b8a8b3165,0.020734811993713922
ck_e15252ebd7553422,0.012005270980308451
ck_34d6d74bb3ed11e5,0.002856387611365558
ck_c2608f78f6851d10,0.22592296175577647
ck_bb99071e8f58c8a4,0.29064382086735313
ck_06010f0df5b7cef8,0.018793466954780184
ck_8c582eb0f6c0148c,0.014668433950279041
ck_0034d010d28aea78,0.01263060972124482
ck_01c1f06692566ca1,0.020118298572648147
ck_4807726e797fb893,0.0219248542206235
ck_edc9668282e3c8cb,0.007651244543218799
ck_5486768475af7bb5,0.8823025141590292
ck_3fb9813849e51837,0.009858745459019597
ck_861af5a9a9a6d619,0.011982666786424121
ck_da39653add0f1109,0.001063123928999468
ck_74a4244eb1f162e4,0.00039271679586995803
ck_9a930faade55b8ea,0.001659605909392908
ck_fb6e06ca88519dcd,0.00935082494255438
ck_9776cd8263a9f415,0.02163394191625715
ck_b3dd1198ac5aea73,0.023998011855780297
ck_b6675a04df1a4276,0.002191635788438477
ck_5c7ad6e731b69333,0.34350924912143965
ck_28dc0fdbaec00580,0.11171920823985411
ck_8e7a32f7e3905f4e,0.020205892976650906
ck_8563fed6674afc77,0.019365576129691676
ck_9a2fcccb82da663e,0.024857904490885423
ck_6a519bdac0d94527,0.0031427363055010417
ck_a0dab7aa9c4a39a9,0.007269461991244089
ck_a3ce05e9e5e32142,0.04091340035225611
ck_7a7e40ee3f97c035,0.020220298906772696
ck_9e9a830785112a73,0.018307702469722752
ck_ab1bb02f6b189304,0.3237120908755125
ck_7b8cb0f90fbdc8c6,0.030101006196166014
ck_b138fc249e659e60,0.01686452352870928
ck_e73caa3771ec5e0f,0.007476732550067942
ck_18a55b06ccccd88b,0.027734350115937497
ck_fdcb1d9265d8fec1,0.06891415083021123
ck_e21a900556b382ad,0.026308172124580684
ck_c6bf67470f526771,0.026979828445176254
ck_b568ba3837afb39a,0.0015059620892991393
ck_a2858979dd5645ef,0.0029570712704013397
ck_1da9d40837ebaa57,0.04639923080082886
ck_9341c7959543c542,0.0038237360403710727
ck_c8ad86806b9a2369,0.08436857573061532
ck_5c85d93ecfed4b0e,0.008082064752923425
ck_f07b09879d697b82,0.005594752301726897
ck_fe43da07608b1749,0.02168369520736389
ck_4bca22b5926b9c28,0.002020063349952532
ck_aba573aa942b1d41,0.006644864617442903
ck_57c14e32fa4683bf,0.0051903831786820655
ck_891530b489ce402b,0.0054027777010954015
ck_5e74fdadb93ff293,0.03110955700971098
ck_14436a409ebcc90f,0.05208535999990551
ck_00013fdfa0bd37dd,0.012129968439729105
ck_7dbe24ba01316775,0.04552040266660701
ck_0e3f80c1553c591b,0.030370914333328586
ck_3edc45db58760d76,0.013173662699838582
ck_29076a13f539187a,0.24978345892628084
ck_b1e81b58b9a545ce,0.07466217331465583
ck_3f8571d4f7420b2a,0.17407592845785896
ck_7dff6abe4bd644dd,0.6628115409500909
ck_2884bab237af16b7,0.011682263221532383
ck_231e6dd1fe708000,0.0025431858193757585
ck_33ecaa7b892e73df,0.01604984443254606
ck_b109ec4c63503030,0.007573893509142615
ck_a7f522382509cef1,0.004502821909271117
ck_748b3ea941d8b3b9,0.011818171530512895
ck_29f3a1737a2d9634,0.016385428148911127
ck_cee8d42475a0f020,0.0010625009678279695
ck_c6b6ebe145a8ffab,0.004127698521956958
ck_21c99e1d6b881894,0.003011977725913664
ck_5ad798286384484e,0.06611635484026163
ck_b621b6ffcc7f4848,0.002822491704856669
ck_ea819e337233475c,0.4185094586126027
ck_9e3896c2668ce06b,0.026568510475987787
ck_501dcf1ead036d2b,0.019286041419077752
ck_8d5eda29a2cffa3c,0.005438413784828944
ck_4d3aa36ff83f1132,0.666804110988848
ck_8e9faf94e3e6c757,0.001842485761620871
ck_ce0ec41f96951048,0.025800004273022616
ck_f09165d73ee903b1,0.015758503016176397
ck_a432b1bf1d3b3d5e,0.2317253810371417
ck_ea618f720ff0b4b0,0.0037327252272597515
ck_7584e7bd755cb28a,0.021070818354650068
ck_e14681aad43e1a72,0.023985898637584293
ck_5e18870d8e30e379,0.017170703839095244
ck_ff7c26a62bda8089,0.002154842826631836
ck_cc5a35175d381d5a,0.011923639258478898
ck_3c25029e40aa8a84,0.004161516846696399
ck_771247b5bc16c12a,0.005194430166569914
ck_664b5e02759f985a,0.003196668294646786
ck_692a9e8f504b9762,0.0018152437555408656
ck_df8ad2deb0a4ffed,0.016829769924144776
ck_eb48c0bcd12ea654,0.025398408601109708
ck_7c77e597c951cdad,0.016850858095775953
ck_4f75144c6f3b13ad,0.036649360400179944
ck_1bcff399166d7c43,0.0047842513264647986
ck_975c2aa3d4a8c51a,0.01883815548474673
ck_bc6f07b06aaa4ce3,0.12396405950381385
ck_80b072b7f3c7e8e5,0.00858238735884187
ck_471e4018a23b4e56,0.00213178974686992
ck_53cddfba570b4a3b,0.02286382288290383
ck_630530e50764f229,0.0105623470895614
ck_dcef7887a4f1e435,0.058450839169814056
ck_2795921a055643f6,0.005619416813118135
ck_7456df89f3792235,0.0038992637342654428
ck_5014a3b07e1f049f,0.22054318917438975
ck_d4ec44760cbe03f4,0.020560923578880026
ck_96810ad39d4cb7b0,0.03876618728884871
ck_3222ea25aa29bfa6,0.0017937863171488659
ck_f6c42001b84a10cb,0.19016235880498042
ck_5ac86682385c86b8,0.0181013620267955
ck_4280c33af57eb4f4,0.0046325162572958736
ck_05f79ddd8eefaa56,0.014863232245368799
ck_3a57a13ce032a6fe,0.00225856382260317
ck_a721f0d635fad68a,0.010572599343219387
ck_a3f821bdf408c326,0.0035227512514362977
ck_0ada63008be5685a,0.06301684343098198
ck_8c949bdc6e8720fa,0.1048410645233586
ck_c0d2c56f9c722e99,0.9772902495595163
ck_5d2b9e6e087b8dfc,0.9974870633300877
ck_5217b55593a332ca,0.06411614281705401
ck_7a7bb9be5a7e48ad,0.009909007576249396
ck_24cd0d779e866287,0.004109381682316812
ck_7367917891a63771,0.026768217506335387
ck_4b31a8862a857e6e,0.7415932268921094
ck_81429c4910ca46cd,0.005278293923975357
ck_b35d803568f82d9a,0.014774382065315842
ck_4b00e75c2d2d0522,0.001199839227910885
ck_77fced07f6dff42b,0.01768175608485823
ck_3c9a06eb07c300e4,0.0008384114205809157
ck_b3867f7f494db64c,0.0012118792902070439
ck_0c45e54897ab34e2,0.09982235949027347
ck_507a6a580ab55c76,0.01876080620007685
ck_291bffc7809f896a,0.004350103703212735
ck_3753cc5b9d02e2fd,0.0062195576311426725
ck_4f63d5245b3ac1dd,0.016032670436832118
ck_9dfb2ae78659240a,0.009102206173884577
ck_90f6f5ced708aa75,0.001421392653850952
ck_8b5b5a6b5539e39b,0.6749296179210239
ck_4719112b55d20161,0.024354539309371894
ck_fec888a7108ca52d,0.9697866647600706
ck_4f5d022c99f118b7,0.05669301227706894
ck_e967ff05514b697b,0.04806712433189849
ck_839ce35819bfa4fc,0.0023686276218594054
ck_bdee1221b9addff8,0.008060870514950953
ck_9cde4036d0914427,0.007079846142660785
ck_5ac959cbcc5e98f3,0.003700919486946406
ck_619842688294dabc,0.005845041286839773
ck_7373d7b04c7799bd,0.039757753532269166
ck_c1dd3feb9a0b6471,0.027260003822167377
ck_0324a4812ec319c6,0.008448375681714066
ck_7f3685aa2933b251,0.06585988264508512
ck_06aee5a62a67a84c,0.08074886949402145
ck_3428910b44b9d08f,0.029795864005340126
ck_c3ba7534cefc1de8,0.005720873169589221
ck_1f1273a67cbad5e5,0.7325556065849097
ck_124565a11b2f8bb8,0.006191116601134445
ck_38e46bc861e0165b,0.02924448444302664
ck_c8ad3f01319c065e,0.0193610873621556
ck_3f94a34f5038f7c1,0.7426438008300434
ck_cee56be5a502fbd1,0.14209397399150803
ck_2b90b76cf4d162f9,0.020711383602666344
ck_884b2e463ff1d54f,0.005307185078187154
ck_fab4f2f8531b4827,0.029516198032961394
ck_4fc6256e0e60a926,0.009862313222320227
ck_0a2f8b2f8a5b6f02,0.01516611519119597
ck_9c0deab8a8367c5e,0.00186253590545326
ck_d3a2a4c011fa2554,0.0011989348061022048
ck_4108b4038f762817,0.046330145358665364
ck_4df036e2aa7e1056,0.01432289811526863
ck_ec094eb1cbb3efc5,0.003317373093090035
ck_09f8f51bfd2492c6,0.02032932420076476
ck_b60fb9a10d6f4489,0.12483218634979218
ck_3638bc3388dbc1bc,0.2338124665384479
ck_7a58e0cc9943c39a,0.0017703461904906308
ck_37dab6a0a536ed49,0.07613653735242824
ck_adc576690df5b33b,0.02376460552900579
ck_1383b2b1875000f2,0.017881773416526345
ck_43c1248db37a2eb0,0.003833497201575037
ck_29c11bd68858e923,0.0024391148999411997
ck_9401f9e11f65337d,0.015594088818857212
ck_ce5ed372b1a2ed6b,0.02685933291847571
ck_08b4619490e751a8,0.9827377579027963
ck_44b9125526acb05d,0.019335335428625814
ck_ef1a1de20d2124cb,0.048864300869075915
ck_e5e2624b7fc89774,0.0388966641020748
ck_f5100511609b92c0,0.0011734702087152697
ck_64f3bb17101b7c42,0.01761352556462072
ck_ea1e5b5128ecba2c,0.00418410386158545
ck_516163fcf04d5e77,0.035075742122559414
ck_7f9a748110d70005,0.006675073168826344
ck_d263b55f0a681cce,0.044892299209804226
ck_0e962eacf98a813e,0.0052353549646733406
ck_0406931800e0e2e6,0.003784604454338136
ck_0e9b982afc88a3a9,0.9972542186717105
ck_8bbb625384edebd7,0.0010087680323943886
ck_5eaeb87bf6207406,0.8974905446364064
ck_cc3318839c4b0745,0.0057805494721473475
ck_08a0355d1f1890ef,0.006901619878221427
ck_af7ffd1a822460d3,0.12393564252972256
ck_2a09c7aa870edb6b,0.003691111996821857
ck_bc04f51c23290bcc,0.009541738455933797
ck_d3a8333cb389f4c6,0.006855297060108735
ck_88e3dd3039508332,0.018989336776238954
ck_b8c7771de9b57705,0.004987421342909669
ck_585ababa02383b50,0.006187633184643577
ck_e988c108754cee9c,0.012967175210165723
ck_4a691892d9d6cf89,0.0064097854884917205
ck_7cdce37d895eefb8,0.00828076319917598
ck_483fb981a1fb4317,0.004101648310873614
ck_c1e5182bd99e0e35,0.25329685438694755
ck_9a1e3ec9a1839939,0.009507442300958934
ck_5c3f13de0dbd5086,0.02876473853899176
ck_f4f6f0caaab70040,0.001997593649034116
ck_791be3378dd7d64c,0.03138718057437658
ck_956dd784525f5886,0.05564994858584577
ck_098167eaf124c279,0.036538099306335205
ck_33ecff7914349ebc,0.010514731466811167
ck_e05d44e46c7174e6,0.00733355896050997
ck_1b2ce474fa6582b4,0.03220588796528038
ck_ab581082e8f72e3d,0.0038745288147463293
ck_e63256667aa19070,0.0530450351702027
ck_f568772b6cb3febe,0.023027012753733263
ck_dd89a282375bbab6,0.07519101210374973
ck_a39d0bca345b492d,0.006727577899986663
ck_d12d2924d0f7a64a,0.007721337320261946
ck_6a548da1728b5823,0.9864175883246136
ck_6d64193681d2a94f,0.028651673281754924
ck_ced6b6dcdc7c201a,0.009788833246091073
ck_d1b0699d26282871,0.031928028690131546
ck_58f757e40a9b8877,0.06151862494606137
ck_3272c2c4a37d5220,0.2692027378308929
ck_d94dfde9e03c9d1a,0.020097819792676427
ck_08a6d4903a7fbaca,0.024449474320103207
ck_6c72a36b05fa0f4c,0.029644147179575912
ck_dbb4bd4eda97255d,0.012440693867325268
ck_94b59bbc824b307a,0.002050942832096679
ck_0229a07185f15469,0.01516412232438045
ck_11bf1039f8b3025b,0.0024570182844439437
ck_36789ca11459131e,0.07876337832733987
ck_8572c5f5c1447c62,0.031340000841857445
ck_9e75c6641939f4fc,0.14379539879658634
ck_b45e47c39d4dc7bf,0.01643800375875095
ck_02903c48b6cfd65d,0.004427186074568894
ck_b153386f1729de81,0.005365915385569415
ck_36979996f33498f7,0.4755324777947641
ck_3c02d4dbbf6716b6,0.034178635482976394
ck_66c9a19963957531,0.09034465621445108
ck_bae8dae7cfd8baba,0.001949090016030291
ck_bba0ccc6cd968680,0.03689715743238998
ck_3267fe3aac05c71e,0.008388504355121392
ck_40052cac10562cde,0.0214959823362916
ck_d973444855403e2a,0.013197814547338302
ck_012519bb095ad36b,0.9944010293998574
ck_ad7c256ea10c4a00,0.09353635165012279
ck_70a60e095e9b706f,0.0009917983575333062
ck_f2734417c0db4ee3,0.0007319171152955096
ck_9cb89cc3178e0172,0.012481184619201691
ck_779cc0f2de4d5488,0.14828167254889543
ck_35f8656bf93e3b3d,0.007455128270939274
ck_bdd8eba728800e29,0.04645989565696974
ck_002cf760d173f0f8,0.04964449817149377
ck_b046067c6ca3831e,0.0020608465122922965
ck_a4a42d4bff8af645,0.004696341467396143
ck_bce253d2396681a1,0.008243655656098735
ck_00dafc060c8de32a,0.020877415424599144
ck_968a99e097ee78c9,0.03614319290557091
ck_66949171b387bb93,0.011904022254968121
ck_ad305286702b1958,0.0024026169497828867
ck_4732da7e0d2dfc7c,0.00402420807616319
ck_17a95bba77217d85,0.021482986178430287
ck_3e2516a3e35067e0,0.006158452079559963
ck_0b615ed566da1f58,0.01745068041742286
ck_d2b3ce1ebabe9f93,0.02106181168294693
ck_a892252e4e0c2828,0.007494072402676732
ck_cf606fd6ebfdf9bc,0.005411748335889614
ck_718865237134ebe8,0.011733752356150796
ck_878522cb775b904c,0.09934503699657951
ck_9ed53de6ef779ae0,0.004836267781865753
ck_3f16e2cd7e6874cc,0.00961326997245811
ck_3c59df37895ead2d,0.008432688363746495
ck_6821459b626d492c,0.0012168565522402944
ck_11c7667920541587,0.009245863366411646
ck_23a016cf6b98d89c,0.02060379439263101
ck_7137eeb394d200f1,0.038106365262350686
ck_9c4886c5c90ddbdc,0.00661489773739786
ck_1422a7bf7756294d,0.9728625899456651
ck_7ebc5fa7f0d3b8f2,0.013858843948743777
ck_fcc2059a8d5c41fa,0.15569240098187637
ck_00ff7389d6a83e29,0.07290505185209636
ck_03129b41457795d2,0.022592044875281197
ck_38ba64efa7c38250,0.031230070520369756
ck_57a6b56b09bff24e,0.0050169653243020565
ck_e3b3c5a80a567418,0.00539627349429998
ck_fc40a16adfced018,0.0019767391404756445
ck_9d4b5e6b43bad4d8,0.002675199241205628
ck_61129937ee466b49,0.017886125894398756
ck_74112e47b8629c2a,0.0684153515610381
ck_b4703ee97f94d7fb,0.0006763562556114085
ck_e560f720a988d8a2,0.38317961030881437
ck_708fea345f68037e,0.0014179616690715637
ck_25394c1b83e0b803,0.012318998034652529
ck_17ab24fe914ae44b,0.006000967667527817
ck_16c501470d9bb006,0.0025845776505247836
ck_628f449e248c19b7,0.042736715490985726
ck_6d64190623dea714,0.004442825880717746
ck_504a45ee08db72b6,0.008116723801876733
ck_6cbb011e0c70bc7c,0.00388251461132224
ck_b3225a98acd04f83,0.01789563861753323
ck_aa37993f1c17cd1e,0.038415575533101994
ck_558cfe5f77a55a9d,0.002895342985588735
ck_0d0a1a021efea5b6,0.030139104958990564
ck_daf7aea023b7a8f6,0.04001926689507572
ck_d75f25184ece2b51,0.004951176545861774
ck_466d4b5366c50b98,0.002102027561410399
ck_88f27ab479063852,0.045865552024598084
ck_66779098e78c1760,0.004547520256896206
ck_b150fe4efb449b05,0.0019741623926784494
ck_9c3aa9f23d01fa1c,0.008973925617667057
ck_6a01c375fc26705a,0.0044912356775935105
ck_002eb6552b504ea1,0.008167301814235473
ck_affa5aa0bff9bb0c,0.0059153490939988914
ck_027614eeba8b1a4b,0.007977428975595124
ck_67e075c982add719,0.007179309656346719
ck_399b0d510be98bd2,0.013716381878923007
ck_e9b0bca7368555ef,0.0034164870955156533
ck_59c29d9c57b4f994,0.006883241624967226
ck_37176850ed68831e,0.008345186295775499
ck_a0db4ccca08030c3,0.7509444824650745
ck_aa188e5c25f7f42a,0.013492264688307113
ck_7de6997178207800,0.0038879319632283134
ck_c729d19053387be9,0.08363208197450304
ck_f2d3e3d90608596d,0.3031896249633553
ck_2db3fb565e0211ee,0.0024157858528633066
ck_bed8a480e27e911e,0.029209351876927876
ck_d7ad9921a4d25926,0.024623351758583052
ck_2a59f23fc5194699,0.12307307302998254
ck_63601a58a6120d8a,0.029760529769163813
ck_efd7b9e22c6317d6,0.023678486104448105
ck_9ab42875a0f95b43,0.08401034043684155
ck_85cb5033fca7c846,0.05495854156093018
ck_5249b223000915ec,0.043238127821425096
ck_3efb0e9bf25612c7,0.008016424348469778
ck_678e74532ac19700,0.009662907901249058
ck_a980b296c95153f9,0.009452991044952131
ck_01ac687ce0d696a7,0.027633215976997017
ck_52e1418cf1aa9871,0.009213390112780717
ck_7d28da4f1dab09ee,0.034581080617580306
ck_010d0c2e6c1657fd,0.0390103530019188
ck_b524f7a2e752b9d0,0.004091173591656255
ck_cc447fcc24a0772b,0.11703865005215545
ck_2cb3c99845e572da,0.008138285165915908
ck_604c710141327a81,0.003252347265400488
ck_8d5fa65717d2e0c6,0.029918887676086237
ck_31199510b40602a1,0.01101993578143202
ck_49e253ea12f4e922,0.019651675558842303
ck_780738e0d71e7e43,0.008345300765437297
ck_2cd21137a07fdd7d,0.011578499142263061
ck_5e021f2a3b66e256,0.03009154922818953
ck_efbc79246e32c66a,0.0360334428794096
ck_9951bd806c13c7fd,0.012686095599558033
ck_7a52674e2806d8f5,0.027470041727283782
ck_1a319e509f1efa1a,0.002988925496580177
ck_c920901b9a4ba993,0.9371265087103468
ck_b71279e807d0b3a7,0.008236709537066473
ck_47e1032f490bb018,0.01713558473814696
ck_192579ecdca7ff83,0.014188192738224243
ck_b1496c474c4a3239,0.003706367509196758
ck_5e68ea2c5e893cf0,0.025142706265969494
ck_f2ecab85d4693b4e,0.0019191355063455384
ck_89d7bfc81c3df597,0.0034264808300720614
ck_7929284327667791,0.04562363476891326
ck_494ec63c5ce8e150,0.01012347768051665
ck_319b059bb2145586,0.04612243946168104
ck_ccb3767c239018c1,0.022242845627561677
ck_a1c7adfe26e09a8c,0.026354881877660847
ck_0e13c4f73818149b,0.026379734670663495
ck_c285a51ed6214f52,0.03601613850799607
ck_916784595f028226,0.15520569368206438
ck_6cd8e0196365c474,0.010300627237210645
ck_57b657aba4daffde,0.021631471915343488
ck_562c76a3753fc7da,0.6499129635865746
ck_66cfc1ebc9a513c8,0.0038346714195675803
ck_0f38d4aed68d7d24,0.01999189945233675
ck_d8ddf5e99f7859e4,0.010518275438189433
ck_41bc3efa0fca700e,0.04100642377053788
ck_40799e129fcf42c5,0.09354530941552187
ck_786f079389126e44,0.03446230519178784
ck_bb4c6b713eb0b978,0.06764295431957361
ck_4f01f7eac0efaba5,0.007226836365442209
ck_47d29c01b20cf69f,0.007565777106225936
ck_bf15a1f8d67a30d3,0.01942367416640102
ck_bfecad7586f65e4d,0.022525186016185465
ck_fc9f16df35190eb4,0.1932076607108531
ck_c09c914e416edd08,0.01459799884658276
ck_c54c5d8e4433b0f2,0.007199892720210314
ck_1694c28f44480e98,0.020791069498614128
ck_1dcaa3078dbb7571,0.0007858449972063282
ck_af559f990c640e41,0.009072083543620216
ck_9b436162039a77d0,0.022633924898266353
ck_79d62ef181bd0cd8,0.005704465024985581
ck_23caafc2cd34242c,0.015316933825672325
ck_ffe2aa26f597e552,0.011666862656981917
ck_e6ffd0754ac08661,0.002736380377318918
ck_beaacb4a783db21f,0.004723626811317329
ck_9863bff41d24ce9b,0.009618161315094282
ck_323b9cc5c49f8ea0,0.30088133093614383
ck_ab3de3d3e41c2082,0.009899773427980789
ck_35c93b2924900376,0.007046871693072456
ck_5a9d5f9901e37e31,0.022410322819026628
ck_782b0be796164335,0.009332096572763947
ck_11960b5f1c7a5e2c,0.00404497092984028
ck_9a66cb13a9884cc2,0.016988358045080188
ck_ba666a425930615a,0.0011041528363996257
ck_40140bef4db73741,0.00538628930635154
ck_e05e91cc180063d4,0.09070630836535835
ck_c7f6f45710bc050f,0.009632785563838155
ck_055fb9f2e1c8c934,0.05716089867699791
ck_58bb02d98e2b9cd5,0.08145140918937797
ck_d9f8efa6a7800f76,0.014905355294115586
ck_69691226c68fd50b,0.32964018272176027
ck_6f2f0396e5b1c538,0.9350854154020194
ck_78bc3f1d0f35ea6c,0.01147706345767771
ck_2d5a6b6636a2596b,0.007248484699054191
ck_7878545739af0a73,0.0024806056545774837
ck_03c4fa4f3ed3512e,0.005652014629005279
ck_1a9e51d092d62c84,0.2648054057522818
ck_9f3861940d8d873c,0.1609416290428774
ck_4684fdd61c6a0fac,0.01613064692291499
ck_715966f86d5c913d,0.003313549176874974
ck_77f293d44b4a3d2e,0.04443880445471831
ck_24dae044dc05f849,0.07635464344795198
ck_00b9818e2064405e,0.2339752031804902
ck_c1c2cb49c3c1b0f5,0.34435045126755504
ck_bed50fc64fbbf8ec,0.009009842996659018
ck_4f6ed5ea5ab7c429,0.007768785475521211
ck_458531c22ec2f9b3,0.011440874820940574
ck_51c50c4c443df31a,0.39225876617952343
ck_732d45bd578dc39d,0.003945211157562286
ck_783fe5bc20cd02db,0.05100625570177207
ck_7f188aaa63d1d442,0.018125216336265775
ck_ef307a6aee38d1fe,0.8529285092289617
ck_e37196b20968b73c,0.014667567877389447
ck_4ef9de711c3d93b1,0.02685864307981921
ck_17946516d5df71d7,0.008760473400680206
ck_3534be0f4efd313c,0.03777778950716796
ck_29fbabf855cabdff,0.0020598043321573725
ck_191673540d8486af,0.03563700102786045
ck_5f52728d777ff2c5,0.010053280400165265
ck_a045a19369016818,0.9957875760692787
ck_4eadbe7298b15e96,0.012895637126914638
ck_a3a0bd59729fe619,0.011711838330028502
ck_a1e77090b1c6ccf4,0.025673760116478
ck_69ab9d4784eb77bd,0.012313056483155732
ck_baa47383ffd50f04,0.007725841225874199
ck_e35b2ed08b9e55a7,0.007811477378738568
ck_b6e3af0a5119d9a0,0.06483029040819613
ck_a7c1dabf3869772f,0.09431458912598936
ck_80b8fca67a14e0be,0.47078324079020306
ck_dd9c5f0c42878e67,0.0020168773499279016
ck_41ef7967faf5ce82,0.0008620889831678501
ck_a93560aa348d6225,0.062199212983915717
ck_ffe91d6f0bd93fc6,0.051407666000368744
ck_fbf630c960194033,0.029945855962495348
ck_497ed60723283c0b,0.06836454018728308
ck_2a46b7ca55239413,0.008481335005173151
ck_1a4e5ace078dd782,0.025940534073380723
ck_616cc31910f5de50,0.0075194720695235875
ck_0d65bc749eb42710,0.02414325241270185
ck_2408db62e4395ccd,0.01975473053925057
ck_5d7721930106dce8,0.01889777463177929
ck_e8a6acea22b20312,0.09830630983833186
ck_e2f792fae128b18e,0.11819582180330127
ck_e6d3ce445b86003f,0.003397558333261911
ck_263334d722ecbc97,0.3490047032156852
ck_8c5b29f6666d4874,0.022609628066514474
ck_7ea0bf310fc20c7b,0.6864788914987581
ck_54d463f7fd89ec3d,0.0681424507936623
ck_79e45040dbdd6447,0.021441586025439326
ck_60b4d59953505682,0.7702952804305451
ck_fb00dd5021642507,0.016276806629024913
ck_f409ff994a210601,0.0252952712618281
ck_2ca0020038bfec58,0.27986577559396975
ck_adf84b9df54c3d80,0.024931667871165557
ck_942dbf632591b65d,0.050370314075774754
ck_454a7e4d859a3409,0.0005866046645942618
ck_2139062d4569aa07,0.0025182737365564657
ck_e949a0f4df0b3902,0.0753858555174923
ck_bb113e3e6716ed65,0.017567523123667737
ck_6a28ea6ce69cb869,0.09729064045294483
ck_7df9910af2bba21b,0.014950945446875493
ck_78aa4b731cbfe251,0.0017840383665516512
ck_5839f5cbd8165b1e,0.027858099143659536
ck_7158ad9e58769ffa,0.040253947422793444
ck_acee218cbe61df69,0.1329513536751007
ck_f8dc8473c2772729,0.08249227188117673
ck_f34c93a8173555b1,0.047075224828726524
ck_7cf301d075e4e709,0.013553297739989657
ck_b87e88ee5512ea17,0.001688825074415657
ck_bed0c020b10afa3b,0.015056877064259977
ck_ca10102961f99eb4,0.0032377388676150033
ck_393287947b5c8d79,0.025499802587878987
ck_2fe6cac002142f67,0.062410397205113585
ck_79c7f0d29b1db1cd,0.026532607832077733
ck_c735b643d3cbf67b,0.004089083103356061
ck_ea4332c8fe48e2a3,0.017852927894903232
ck_d39864119cdd460f,0.0178509146643518
ck_3b963d6be2773861,0.005356218210421878
ck_df39e3b8a9fd0bfd,0.6875493003193155
ck_6236a461dc0d11a3,0.006829986112723874
ck_475ebccca25e30d1,0.010842453268043738
ck_c10c8bcf5bcd516e,0.04195949197919781
ck_49ccc3716a564256,0.011981898135529004
ck_4e4f99102f6938cf,0.014904532575210867
ck_a97b481ade6f7972,0.05016854875278553
ck_3fa559c679751b3a,0.02490572316960216
ck_3eba1fd2c7acc4c0,0.18754739677157253
ck_18c179b4afc4fccc,0.020018289192988717
ck_cc1c0b93d05b7d20,0.06687199653516161
ck_742f7c28ddd019e8,0.013986635534117461
ck_04470bc93b8a0d71,0.014144360251591817
ck_6e8f8ef7a03cc6bf,0.013178446491938446
ck_eb1ddfc353b4da83,0.003824769836549119
ck_98831b57c7ca2e4f,0.002012847480815865
ck_a6c7b8d6e8596d4f,0.2014584785121307
ck_cd7d24e3b095e96e,0.23110348290202215
ck_3f5ae4673a9f858e,0.015387320892499322
ck_05f375fc8ae0afb0,0.006963645159721905
ck_1fc98436281ee39e,0.003871425148253991
ck_6c48c58678f64bae,0.0020269960214077966
ck_8c95aeec6a4c75b0,0.004967703472018257
ck_364cde38958b7af3,0.11773577438043521
ck_85bf21aa1a00452f,0.0034400780757626523
ck_796d3eaabc667c23,0.9950240312189165
ck_ac449ee0c315edde,0.0027219738089122843
ck_6f9fd15ac6b163de,0.003731113983055721
ck_4087065be2a45ad7,0.13740684661458796
ck_ecf006bbc78ee3eb,0.08726015474477387
ck_8ca808cc5a49cb5c,0.021702017997272557
ck_94b90ab8b2dfb50f,0.01822286199953341
ck_59fd11b3232de9dc,0.8076942320132452
ck_67f3794d93e2dd67,0.09732658009577125
ck_b7f5acf5df1bb13e,0.020671801231661412
ck_fb04ecbaebb774bd,0.012448205419102232
ck_68ef3e7301c621b7,0.026218838325712663
ck_41406cfa209b6bda,0.004180347698937943
ck_b0f8f5408662337b,0.007621134753586771
ck_0d2901bfe585c391,0.02803686220823523
ck_3398551e81dbf3db,0.08137266579232741
ck_61c3e3e277629646,0.010660044823240322
ck_2825e34dd3e7ea2a,0.004202123053648776
ck_20d7571ba830009d,0.013549430353918127
ck_c98b16f9a72a6568,0.0016029770697460594
ck_e7c8a9e4641eb9ed,0.0033916876953707462
ck_254a7c97c36dab8d,0.027508883639006124
ck_e98429675b46272b,0.00991712876360058
ck_c2fc0ac460786d02,0.07342950532765384
ck_fba15647b3a140d9,0.009489145331599502
ck_15ce50f2704227be,0.01752124363921633
ck_8c748aaa4a4554f9,0.01407277757074951
ck_e00e82a9419ff086,0.03692198749701765
ck_832341c98254bd84,0.01345916781997267
ck_27466468d06db4eb,0.04576245416100777
ck_9d7b9e3ff1f3e71e,0.009511524632383863
ck_42c6973d3a6fe983,0.00304590642734945
ck_877c85bad118bc62,0.09025226479094293
ck_75d2a2715259c4d7,0.07145258896094034
ck_37d3e5c681a2214d,0.3118360519111632
ck_bf285dd49f372de4,0.03144938194472766
ck_a5bdd026fa9c50fd,0.007983240444883143
ck_88d9244a9cf7a77e,0.5970643445994411
ck_5881b174e49b04ee,0.008920723705668637
ck_5b16d67c5ea89930,0.01881587644564138
ck_b75b936aafac56b9,0.008249871925123255
ck_aed2681e1646a0df,0.06903504997428744
ck_f63cb5e8cc702bad,0.015623963591306394
ck_1805fcfc4a9e4ffa,0.9236474372888959
ck_25c355da356c730d,0.02055757118529779
ck_70396398e4a96449,0.004938489879710685
ck_0f743bd13373748e,0.01822921080375411
ck_4b387765f0e916cd,0.0023662321931550248
ck_e971faae8a10a260,0.00362689130255565
ck_9eb08369e983abfa,0.0013645872688359563
ck_c30c5844512e429f,0.08312471735632268
ck_59e77e3a81f1fa0d,0.040004361731671156
ck_ca4465f2b5c1a52e,0.9272852859068715
ck_c89b9ca398402f1e,0.005935434051704229
ck_36e72ef9273e7a95,0.008313640820527516
ck_2bdd8616870e5e1c,0.0011770597236075533
ck_216e87a41de22b5d,0.16317579721047723
ck_60f4fb44f5efe3a0,0.0030926002800846274
ck_05652e8ace6ce6cb,0.0010941267086444148
ck_8c136dc691e65695,0.0006611758711839334
ck_a08f8dfadbdca112,0.0035609734933949476
ck_bda4041a3e90d860,0.01253958235598733
ck_15dd3ecaa8ce0245,0.7484956415373345
ck_3e3c64b3b7876ce6,0.029781774363313595
ck_46225858a38b2e57,0.008726106369983333
ck_0cb9f54928f4feee,0.008876552232726657
ck_152671fbf8a9a78e,0.10771145186186695
ck_ee7a515e87d17d4e,0.01295491190391643
ck_f7276091bf513d22,0.0016427354222979273
ck_4f05daf1cf0d5755,0.0028924191763688876
ck_83a69c4a5d55ef19,0.018783337156246364
ck_c50fed2a7c9198c0,0.021573924301082507
ck_70d19d5650ddc8f5,0.0051854848253482175
ck_4b4d99e443618904,0.03988817896265372
ck_dca0b6ca93311ca2,0.05373259001520182
ck_b7431d4706461ec6,0.0037896393162043227
ck_7b59d22cadef3b05,0.1783853788279882
ck_53428573abcd606f,0.03153340695114972
ck_f538ab6aecf2adfd,0.0009166183608094205
ck_d321249fb065d2fa,0.034637336411162865
ck_72fdfc7e6d8e1436,0.0025809311323152593
ck_b52b99dad89ecdfb,0.03266033546186437
ck_d2d4282f9d256b3e,0.010426498322877209
ck_c8f2a1dd8a6141a4,0.0016234715081865786
ck_8d38747058d0aeea,0.5595777102747332
ck_3ac528caac74f563,0.0064038312392801795
ck_8dbaaa00ad829ca9,0.04088705557522178
ck_7c38ec898f0fc21d,0.0058739368442228415
ck_8171ef803f5ff604,0.014248239202851606
ck_01a750db6fc1168a,0.07641643994894223
ck_ceb017baa26e98c8,0.08984148605493682
ck_e2c66c72cc0b0f78,0.13838289372706966
ck_8d9518f64b222416,0.00816198340243539
ck_804c5a1fa5753617,0.014857714680417843
ck_fca7cc9c42695453,0.006800317549942265
ck_3a632cdf2c19051b,0.01865664039337277
ck_b2b63ea65edf1dde,0.02603207249896621
ck_27b07021500ee841,0.020181176933156353
ck_9724718fe64c6557,0.970631525475277
ck_2786cbc3e75ec034,0.207646412897077
ck_d9c2622cb6df380b,0.006425201558278937
ck_ae1da8ee98e402a4,0.00930366291393772
ck_62967b91504149f9,0.006249160045151352
ck_6b255bf68709109a,0.009334905564644773
ck_c55afc68421d85e2,0.009673067122491524
ck_7c7266f6ef2a8466,0.017750524155717866
ck_885cf685a9541190,0.7672664151818426
ck_1a4bb7d3d2ee3227,0.018226078930999274
ck_b4911c42f3bff740,0.0012135717663531499
ck_66f9f78d4c6a3edb,0.02405827364243713
ck_49bdba9ee1899dfe,0.03441047923270786
ck_79b235d51718435d,0.01519306402127034
ck_d840db8cfe2ef6f1,0.001588237428391589
ck_610c7bcc1cd7ecb0,0.026267493132097402
ck_cf49b6544aff6c50,0.2525972569934561
ck_de05f97c3d40dd1b,0.0948398069564915
ck_0302f67d75973dce,0.009052727747908171
ck_54c2604c9ca6256b,0.018665343220529873
ck_a1c88c0568f142d0,0.0547613246441256
ck_5d72ff6cc2963d1a,0.010210986278799718
ck_0446920a1004c596,0.0010439984051434598
ck_71044c29ef071570,0.00935343273126505
ck_2122e9bb1afffef7,0.015132064610469469
ck_d1e3de178601d3c2,0.03046701405249432
ck_bec8324a3587ef04,0.0023810441552630794
ck_b616b6f45225f319,0.11271118388069583
ck_ce1e695884511479,0.07202580670195782
ck_a662b4bf900781e4,0.0006935803785055633
ck_b5a84c5547378c10,0.0024318161741992282
ck_f80af368cfc6cb7e,0.033137317254091636
ck_da3526ab6c5c884a,0.00993671253962539
ck_bd20be9a3392d79b,0.004796011493134732
ck_b8266dcd90cbfa62,0.0065606341105384335
ck_ac84b33304362c06,0.015244138633116099
ck_794d8935a895e33f,0.030739591111048018
ck_8fea7d915259f1be,0.01083507123530132
ck_7a1519ad5ff45312,0.0022306585672969203
ck_9bf3ce30b65f75c7,0.05095997966108598
ck_5f864d72d1eead99,0.043078780826421324
ck_3c48e0cfc2a58041,0.43124255412411466
ck_d902183f80cc81fa,0.09086500147598021
ck_539cb0d117db8cd3,0.13039959085575592
ck_28f530aec8e77130,0.06409016336645995
ck_e7d903c50d353361,0.024401636363480285
ck_d288b77d1e227970,0.0778988345017271
ck_017208fcc01b5d40,0.012583129755446289
ck_7e3923d278a5106e,0.010129358607276491
ck_9700a00ff9e66216,0.07521958406872352
ck_5c36c78b7a4d138c,0.04742235617123652
ck_c457e9c9224b773d,0.023189898149379433
ck_1dfa91405d7e66bc,0.007525672215316082
ck_f1d8a2695a575e56,0.007478566510585134
ck_3b92a46daf8d00d2,0.01594719485079842
ck_aab23b5470469649,0.021042829409547367
ck_ecdd01a391610d99,0.005939245018006591
ck_abd3aa292f8edb4d,0.037587751265417996
ck_7fc9a0776e1339e3,0.002681715870845448
ck_c0389ebeb0e65cb8,0.0016860554171086468
ck_48d0fc4f6a2109fa,0.9953286224585071
ck_571dee4f3336c7ce,0.02518632952172238
ck_4cedf26628c84f26,0.013287859376706929
ck_63356762d24aab81,0.014658559096218491
ck_2c5bc11bb7ae5d2c,0.949207816144789
ck_6d26a152f900fee8,0.004387251577705677
ck_c972b0e781efed3b,0.0019632382201514942
ck_fa0ecbcf9a33d6ce,0.006194801502443103
ck_fa3a766e49dc77ae,0.013989196216058526
ck_7baf1e55db0dc558,0.018807163312116765
ck_e8bc49e6494c1f37,0.0022023985651625218
ck_8ef1d05cc1e53e7e,0.04284560487647374
ck_cef2a485a77e0723,0.005943280478556924
ck_228a583f23abff48,0.013391553957016326
ck_ac32c6e374782b27,0.046915460803970445
ck_b9485218cef413f0,0.003619967398941086
ck_7f15503048915d6f,0.004884340842821683
ck_b62f5144db15ad34,0.20062144527843892
ck_917d82c552f95a23,0.016386781973134066
ck_fb4797045077bc6d,0.003690337865395749
ck_2cf8a44e041217de,0.0867684505793469
ck_b7dd681eb3d2ee38,0.004387240221875079
ck_e9e8cacd2fa35e79,0.025551304503185508
ck_342a79f91de5d1fa,0.022257572806968783
ck_2c91f62c05685ed7,0.003991086347129031
ck_e30cb64302939f38,0.05192088906482129
ck_d0e95b90ba86da10,0.014667941063289565
ck_1774faf414a5d49d,0.7039933760093174
ck_2401e8ff89e574fd,0.7833003449338235
ck_0cd8802264e0a1ef,0.036683130772392096
ck_da84a0dfe947fd3c,0.007975553226900065
ck_c8affb27ba7fb5db,0.07708015681949036
ck_bc7ece8787ca7200,0.005124218608697005
ck_469a0578d05990c2,0.004895734984731815
ck_eef67f8dea702338,0.13516669021695565
ck_4f490e379e9ded9a,0.003704668281962362
ck_354379de065a8ff8,0.0018995877944545081
ck_5db1cb368bc41ac3,0.026962316798840237
ck_9b1c3742dd6fcb8b,0.02564329711288707
ck_63ce4f44c92d7143,0.04401529368662276
ck_e15e3390f5ed45f3,0.018418962429361606
ck_da645ea91d66aa6f,0.3145601496723236
ck_834ca727df855f07,0.05317437344197442
ck_e1d5ad20c737c745,0.09790480191653383
ck_ff8059ae5fa5f1ee,0.0005555340410726128
ck_8bb9e75393954a1f,0.0018239333659095848
ck_4e1757d1347ab387,0.991183754127252
ck_af3f74b1d75a5d95,0.01400862228032023
ck_6b1ab0742ff04c3e,0.03365999633653786
ck_f56073911c9f1ab7,0.0022320203983657045
ck_51bd5f69b4fe0b92,0.5128067758902272
ck_fc3d95030b81f416,0.001824118389301577
ck_cf78169633a1600f,0.005907167544394616
ck_ad7269eaa65c67f9,0.008006244652740822
ck_cc6d33890d47a6cf,0.054104683470172145
ck_bc8f31f4a2ffa1ae,0.0007879655911553332
ck_720776a46e56dfa8,0.02066726444445709
ck_e2d1f212f259539b,0.009040256764416745
ck_eaf6f7082c3db2bf,0.0590086981820604
ck_773efe58c6278c3c,0.015135731943124625
ck_c4a72c09f2fdacc4,0.010410811966615393
ck_8982888dd6611143,0.0017856787147711686
ck_9d5049e195eda029,0.020046101038940164
ck_de58ef6f9fe2b546,0.012586809356057669
ck_c0b50c11e4f5adf7,0.025513374784721654
ck_ddaf228487858bb8,0.03199513036133651
ck_eb2323215ff70362,0.05293099084661421
ck_168c96a1a636ea15,0.021281833041306313
ck_9c46711b14d9eebc,0.005406320485328308
ck_de8af660806b97b5,0.0020549038574932763
ck_6ab83f45bf16eaa6,0.009300525874858535
ck_bf2228a052815840,0.005108035886181538
ck_3f943f20a9da9bff,0.0183185994748578
ck_3baae40454c00938,0.010675426790810176
ck_bc2e771a1d8d2dee,0.06661912375569624
ck_e55f5ca37f30ce8c,0.017087316834209887
ck_4ad5937bef176d89,0.002798413528008131
ck_126531a9126c17c4,0.002605192841157874
ck_7ec423cb56257516,0.033713640820649524
ck_54748ae0f2daaf10,0.03203193365031881
ck_ff24776280ceeeed,0.014391960807500966
ck_3c3a1a1365741bba,0.0036476246248043106
ck_615277c8a4e2b18b,0.015447339389761859
ck_a96aaef34173aee6,0.09083003357319752
ck_bea56db7f3e930e8,0.004624364967113917
ck_ca491debd3b32a59,0.02123218204334079
ck_d9ea77f4114a389c,0.006523814545504425
ck_322ffda3332d08a2,0.04483625522390843
ck_c40ffefe4e30b001,0.0400870316407419
ck_3b1d7648d4580bef,0.006003634364223853
ck_23981a3261674131,0.012866703153133579
ck_11667f5b9fac7bc7,0.0009544435842782753
ck_646bb3c7be5f0817,0.02088201505714615
ck_ebd0a45712dcf07a,0.007849622011917646
ck_baf43bf1bd963f9f,0.13856874067301686
ck_e0ca2c819658f6b6,0.989381088476223
ck_f0d6633d0834fff5,0.049031627216831464
ck_91081be0254878a5,0.017269490674695378
ck_1325000bc7f35b5e,0.002477281047195554
ck_c624b9063400fa3a,0.23322162844185923
ck_0ad6fa0e23c3bd0a,0.1349462016774229
ck_6ddb55b1f23c6cb1,0.01937298853747623
ck_dce1fb3acd65562f,0.0010957541918826378
ck_a9aa389688ee5aea,0.023305757702124376
ck_5c5284c45d9ad8bf,0.041097636785256436
ck_9ce743dd3e92549c,0.0365213144099035
ck_8342e08cc2f9bcb7,0.005824567075933743
ck_25e551a0a8d2fcc2,0.036975973935265236
ck_d4fd0e438c97e0c7,0.061377643404324354
ck_ac7fe1c344190c50,0.008236008027765394
ck_ddd65711b5651f89,0.0035027823098560964
ck_ec7406cb5cbc8f10,0.0026039280261081544
ck_1c65e8d5be3b9c60,0.19572753192686343
ck_38ee42f15a573e81,0.040509586764386284
ck_0e5385c70c6de025,0.007338445333647698
ck_d3137f0f7629040b,0.0070919998756529806
ck_9129c92c12e0c8b4,0.0022446138973426302
ck_c86520a00e50a926,0.08840527709537727
ck_87f82b2b5fee757a,0.007812174215410619
ck_643abfbd7548d0c9,0.03720349847374715
ck_be51f4e5e6b85768,0.06685727702128642
ck_132c16312f37810f,0.0065946835867053185
ck_c78c096ca8cb33ac,0.0009640187677029914
ck_2ce5afbc014763b8,0.0633509741055434
ck_50ed8f4e7ae6710f,0.01867220803739182
ck_5a4eb535c9a11993,0.01384051571498401
ck_9b665ef46d785324,0.0074513845771562405
ck_e066f71f8b296b7a,0.007539446966841862
ck_560bc6017870ab06,0.0013753825208814715
ck_fd78f8a8663646d7,0.014950033577191947
ck_4af5ec61ddbde1a4,0.014767675713447634
ck_c2ed04a9d218410b,0.013360505429729096
ck_2455d43bbdd2bb69,0.012585696081896285
ck_56eed7041add49a1,0.2984331107298188
ck_5f0be7b468a72333,0.014707251594317815
ck_19660cec756632ca,0.006254070696667691
ck_fb90408f4892a21f,0.04034750602562419
ck_833a65b86a5d9bda,0.004313725711322333
ck_2ac36e1dff211d38,0.04114602682086987
ck_c00e70606904539a,0.0037090487229976586
ck_ba8affe4b9505a95,0.381958124528429
ck_0c3dd22587b08018,0.01567232099465883
ck_618c4e5cfae99dcd,0.2616209403299709
ck_c9690baddfc4177e,0.0009495605251372889
ck_59fae092fb0c4aa3,0.022802602114444143
ck_e03b7d0fa0b28f4b,0.017754652329909658
ck_d451d24c780b5884,0.013957996010887477
ck_e980d325b8dbb8dd,0.000986154047290485
ck_cff18e2d8c520272,0.004011546231115988
ck_a0e46b67e986ab56,0.01630214343839037
ck_3a469039a5b9d963,0.0029355921645267753
ck_12cbb211ebd2b437,0.08228682479835567
ck_b8cdd6d6dccc4554,0.0018375726480260818
ck_794ba5921cef50c9,0.049178478062347174
ck_2c7667f64edec2b5,0.0049294797147996705
ck_7262b4e0c29c942d,0.005988602469049376
ck_5d818522cbfe2a54,0.027482467670164844
ck_de39c1947fb675ee,0.027329265164898437
ck_c021495606b4735e,0.005778129104511368
ck_1fc03ba33edd9e67,0.025701331118561512
ck_a6fe344bbf67f14b,0.006317143807768502
ck_963762210edc5694,0.07042052608229422
ck_d064428b7e7dc409,0.009760003231491995
ck_59be61b53d971611,0.006056289616460635
ck_ec8738ec663cd2eb,0.017681762678311765
ck_59d086fab5998646,0.01360891895700802
ck_bd32dd3b2cbb7888,0.9916436679994551
ck_ce0166addb93bbad,0.0018484542712408937
ck_7c0fdfbb447cdc04,0.02338667123559484
ck_cb1bd7635968ed8c,0.13248258394236828
ck_66f94903177f20eb,0.008257180123977545
ck_1d7cd5dcbcdafd7b,0.3118001868119839
ck_5e418a7c04437b4a,0.024774207260363883
ck_631ea1ae91ab333e,0.012190360212574518
ck_0a8029e79a5ae7ce,0.038800777514584904
ck_c4cca8278bdad9b9,0.0003310608936604329
ck_4dec3df58077a257,0.19494557358325004
ck_609c249edd88c565,0.013077594051110277
ck_02e5f9cbbbf2f078,0.06356770793175298
ck_32e486859130458f,0.4529197819774574
ck_21ed2ea6386c5a07,0.0029485320857372283
ck_1242aa4496576a99,0.0032770100234238535
ck_475ea9aa6d3898b7,0.06698526709322765
ck_fe1b1adae3be70a6,0.5913641248674412
ck_c5414d7a8031d4f5,0.006128014212911589
ck_ca1f6f01868e978f,0.061291343957509535
ck_5eff0208c74ec714,0.023189023060499366
ck_a315c9619a317609,0.03618670003026935
ck_2b87683c90acb852,0.05438206958335628
ck_7cd9f39c50748ed0,0.017249117902683193
ck_16a06d58d71935bc,0.22279537104608674
ck_d116e0e7c19b878e,0.562151082896195
ck_931510e384b1d0cb,0.02522335083038276
ck_e7651fb87bb24132,0.0030896453304659344
ck_88ef9f85948e1a01,0.002406794110158251
ck_17bf38d51115a8f3,0.009461973198981698
ck_2659d1d3762a2825,0.016662126781542195
ck_a7285955e2852686,0.02535158822075289
ck_f2c33d5b65b321db,0.02488829618923696
ck_83e5979334345622,0.012713185872242854
ck_629537d8b4d0f395,0.006835952985660889
ck_72022008a92c9386,0.06322511193300133
ck_2973b8274f0bf69b,0.015347613517548191
ck_565e3418d2f4061c,0.014749801493718281
ck_54bb53b8f8ea32ae,0.9914336082634431
ck_af0a6540ea7a36b2,0.00946709049858569
ck_888651bfc2c8cf70,0.008690519230878492
ck_1dedcb48ac381a1c,0.27617244149251563
ck_f73273e220296be8,0.019556177965527086
ck_8424bf65223a5a9e,0.006719417443559873
ck_337b930fd149a696,0.007012008442189399
ck_8a4952de8a123ef8,0.0028702558092062783
ck_884168153c9c0c81,0.004144836637339753
ck_fdda581aec411010,0.002157505561442174
ck_2b7cadbc8b180d32,0.924135064496329
ck_8aa8b9968233a1ab,0.003063252202558019
ck_0af18b3ce015d294,0.0044819142294099616
ck_8dde670a735d1e90,0.28826078285718926
ck_62f46226f244139f,0.03353910329071867
ck_f948e8a8fdd79b4e,0.012002509278477567
ck_fa00aa0f3e859904,0.08898867183098773
ck_fc7935f784a4f249,0.00575226853420609
ck_e7501307c0698e5b,0.023319269762421366
ck_549ed417f2834cee,0.049284075478311734
ck_fb2a35571ec719d4,0.13481594208823183
ck_25822068c86c856f,0.0009650830239283765
ck_8f35d229b62c8f23,0.023053834396002656
ck_bdcf049c1e7d0c95,0.005822382539760855
ck_0aa9db36eb16422a,0.001347051146997855
ck_42dcf92e9e016922,0.037715296832541864
ck_42341cf31c08c981,0.009745898700419383
ck_0b20bfc515ba42a2,0.014197199184702873
ck_0ec820b670d48098,0.002158797737177722
ck_1f0bafec397da8e4,0.012467932951137737
ck_82f07504ab59ed33,0.14303045125323516
ck_337b24a474010abb,0.997243524144651
ck_703703bda38fdcf8,0.02310456957335208
ck_01e7960c63dca3a4,0.918045747605538
ck_be5bd81e3715cb8f,0.6718893972844688
ck_197f8058cea1fbea,0.0014113321217377245
ck_eb3fb1106f2f1b21,0.09152021589844145
ck_658b4b54be09a4bc,0.9820044822653243
ck_266ce7ccf41ccc50,0.015578895308803858
ck_110608c3b03d4038,0.2821484190574465
ck_1be8cb95d6d9bbf8,0.0014130630834067474
ck_8e16a64a776afa82,0.17988729237706128
ck_34bd190d37eda534,0.06193208546479257
ck_4f521611ae14ae66,0.003181322179786423
ck_d839798f9520363e,0.3766409478480935
ck_d1bbfd246c0ac9d5,0.02784386318607743
ck_f19030e6e85a6776,0.07101534449669313
ck_cdabe60ab59f9d5a,0.009685806436817025
ck_bb84b2b30293f566,0.7191785804195381
ck_427b91925952cb40,0.032943481803331946
ck_1078b1e155b5b640,0.019538385175059073
ck_95fdc264eac72fa0,0.002632045379674287
ck_e35eb857c61548b2,0.35758891544974136
ck_69bd0b1abea7e1f0,0.1996976636359824
ck_59de511b20c842ba,0.03268253328023492
ck_168e7ea341a36b80,0.006582936852663577
ck_4937cfa6526ea138,0.011656779171839
ck_bb1a981306b750ac,0.10287352249890823
ck_f42a43e4c3f34ccd,0.003920683819978148
ck_c7ae1d4b3ab38185,0.0029015437483887133
ck_bd23cf9bba1dd33f,0.029874550485585297
ck_0fd826fad7ec7cd6,0.02703154929361022
ck_f143641bf3dd0414,0.03540230541238201
ck_ad6d48c20a3688a7,0.0017054431194401232
ck_7bda5b5b927b2905,0.22043081687315938
ck_a337eb38eefdcc88,0.10490188333858595
ck_403da2a2d800df9f,0.2784195033873156
ck_aa01d5aafde73d0a,0.008874515978587542
ck_494954023f0eb309,0.05579647774401028
ck_1c6820fc38135ad9,0.021178921709339153
ck_0e0bab173622db9b,0.07114506059404704
ck_547090bf35a3b243,0.012830245684026926
ck_d69455220b21dc9b,0.0031842975690645394
ck_90b4ac695b9c6bf7,0.008856398420107381
ck_8d2afe17c0082e6a,0.013855866656676619
ck_926b81c0ba528eee,0.007331362431633192
ck_ce36b0c287bd198e,0.03691551244307054
ck_8026e017909aaa6c,0.008138514852063019
ck_dfba788f35d4c372,0.008321945686952902
ck_f09f9d0e0886e0c6,0.005796252608816627
ck_4ffe0366df388604,0.015601739016833142
ck_75bb521de55644c7,0.018179504834430447
ck_81a960fddf79ecf1,0.9095537590426708
ck_8f43459991ea511f,0.0064805768360369515
ck_f878b68d66fbfd4b,0.0012195173414277086
ck_e84abfc0c747c9dd,0.9051023989406993
ck_3ad3fd3cceb56b66,0.9046298295022348
ck_7cf562578c7f158a,0.006054623030639822
ck_f81a97d350397306,0.030744895396415475
ck_255d87b7fb40caa5,0.027748601682187186
ck_b3905153b9eee924,0.0068739760721281944
ck_2c80a592fb4cd6a3,0.004984587666118456
ck_57deb202d4188a29,0.01785406672131117
ck_e3cb5f31d8e94448,0.7807336000826202
ck_0db62d5f7f75f80f,0.016010529566572316
ck_ced9163ea85589ea,0.047316668622851436
ck_e16528edc694fb33,0.9277490269283947
ck_78cc5ec4940fec3b,0.004791786827310939
ck_31742076e9a998f8,0.06932818816854443
ck_5ac335f02280271e,0.06653324813658416
ck_7cc2e091806cfa5b,0.04155155452978166
ck_3152c7115257f084,0.018972478335914617
ck_ab1b9d019921bca7,0.010619573283770825
ck_c33a762d98f9b290,0.00407171977849001
ck_b16a7c51b6f7a6b1,0.02522839339569586
ck_97402a153348e68f,0.01159605685094616
ck_95391029a21caa24,0.02691002037082627
ck_c2015a1200971fe9,0.04153102783632234
ck_ed4427962c68918c,0.914603324164509
ck_c5e4a17d3efb19a4,0.3684591338836158
ck_8aec3d3dd51517c2,0.0054487550832609906
ck_f5178a658225d8e4,0.003795261741971358
ck_8594f165e95316d2,0.0025267110144040076
ck_f0c4aac04076a6dc,0.014415147583581242
ck_ac2f7397801036ef,0.05471077377042877
ck_d1ea4bcc407c7d5e,0.011897363931129881
ck_cce8b6657a538fe0,0.040149245503125035
ck_66d0c6d6b67a8d58,0.0017439615891223967
ck_1a6b30320835e57e,0.014647129669159584
ck_8cd274cc85aa35d1,0.024379014852987428
ck_ada46085a78280e4,0.009814877903804352
ck_ce1b06623e4a815e,0.003445319623390551
ck_45e70c8a9686580c,0.045099389115965
ck_0084d8ab6b1044f3,0.005286032021618949
ck_a5f7b6fed6df2aba,0.06277104712324807
ck_94940d783e7988e6,0.019689556862241536
ck_00f9ca84d1d8ae7a,0.0015432028249799728
ck_0deb56f3f6452818,0.0028295178505623867
ck_a58e900469dfc3f0,0.01680990502026661
ck_028c41b195280980,0.008305665971671747
ck_7661d7ceaeb19f97,0.03369605204427863
ck_6957905a65c47879,0.03710610787453002
ck_f7c6c26ef3c4ae06,0.050198666051996625
ck_8777beb11aabd66d,0.007294451660197444
ck_7db098a17374bbf8,0.9415544321995127
ck_66aeb00e44486cda,0.1979261119927458
ck_838c52cc1d315ec3,0.11998556530111
ck_1745847cd4e5dc83,0.017650312748084568
ck_201687857ec8b3cc,0.03823442089328901
ck_81818169208a8cda,0.02697370943737153
ck_3303fd3f64632c7c,0.08522705380825094
ck_edf1096809e83ef8,0.0050160936329749954
ck_235ce9603c7dccbf,0.10902872249298273
ck_9df7e153868bca13,0.008581055681231709
ck_3cfeade2cf270fee,0.02027749533126532
ck_982b0bf2e2b6c4f7,0.00600081921318099
ck_faeb0da678bb86c0,0.001407902389817717
ck_e86ad2fe815b6ed9,0.015207762828240367
ck_70d69e5d1bb99e85,0.024526663153194038
ck_7e9a8924eab779e6,0.9357699460213783
ck_019d5891103e7da3,0.015031532789204095
ck_14f0484b3817eda5,0.018271929541169962
ck_85de63d278f0fbae,0.001541610608672193
ck_ae91b4cff57fb3bf,0.021968424621120364
ck_2a6d43b9f883b78e,0.330283029144135
ck_7a4e3d553e8ab5b7,0.2750706771161088
ck_fdf89dc69f700f84,0.172887601085036
ck_f92e04024bf13558,0.0006504537902267809
ck_4a522ca2dc4831a0,0.0007945789739866796
ck_68ba25dc3385fea1,0.02595264402341717
ck_22128a4f0d033422,0.014177050929779602
ck_5b52ee0a13c71590,0.009515798851472575
ck_59472d17debedafc,0.005971069656744553
ck_9dde2c63acda3ba3,0.008223318136965543
ck_7510b1023cd08531,0.015732964565977902
ck_071ddaaf2e4e3671,0.007451538822810564
ck_1355db6f4010232a,0.006781329233904759
ck_0a7adc2f27f98510,0.19911649768494802
ck_68250033717cd59e,0.013812296840985117
ck_7c12de74de30b788,0.536966907859125
ck_65491367584c730c,0.01801172455579325
ck_e9047964952bee70,0.05914148546842375
ck_5567779d6ba184eb,0.014842335926421955
ck_d6ea026357ec6477,0.0219591645178457
ck_cd7dcc884e283746,0.06688645441686286
ck_0bd77fea8ed75a15,0.0230264365885387
ck_e80883208e8d0453,0.011758453237673041
ck_2ad0ecbacd5acf8e,0.9498443491800285
ck_6c1dbee7e8fdd5c8,0.003595089908049289
ck_ee4d9a7449515908,0.003399657043948063
ck_636111f7f030496c,0.004845999431843529
ck_2c629c657f73941f,0.013503620984302972
ck_c1c9d3842d758420,0.04803651634559237
ck_e4df7faacdfe8c40,0.049558553216556174
ck_94e8142728e44380,0.043748251297766924
ck_765aaf42c5088545,0.006089673538893298
ck_e0f845159b6e6a4a,0.016394500458821036
ck_5bc07deb82edbad7,0.0038100760877566673
ck_713159c5c6a7a4d0,0.9974564858968046
ck_b08afc91d9ca55db,0.01691315155339291
ck_a7bc323ffed2ea97,0.5782936305428261
ck_85ca825f905a34a1,0.03165565263437509
ck_33160c443d4b3f19,0.01758519079889692
ck_832d39c590a3ca75,0.7053823601672194
ck_7d1661a34164406e,0.9900361469760794
ck_c2466fc40fc9d5ed,0.9887160494114181
ck_ed0e776c0926ce67,0.07355799109076894
ck_cdd2ebeec75bfa69,0.23440926937300638
ck_d7877684c7923ec3,0.02788332130258741
ck_7384d4d2406aabf4,0.016879010971129437
ck_b8e5244e650aa81b,0.04550626172916927
ck_25a1ea40b2d59254,0.002919884414179631
ck_b9e5b318ee4de68d,0.007534517073375633
ck_620d7ae27af83cea,0.012967215134079493
ck_40b4e264d1a12b83,0.9535901855328315
ck_b694c803b62862b3,0.0037672162760660215
ck_cbeca201dbade3e5,0.04291883280093065
ck_f9b439c9161c3e52,0.0077863053739506026
ck_9880410fcd10a28e,0.0033278771819627057
ck_74928f5f91aa12b2,0.057769423600286314
ck_b6673bbe61d2680d,0.022529669172503437
ck_53c8315b5c30acb4,0.011246417087764938
ck_78f01d78ea79642f,0.019196933647894352
ck_8582490d6e365a63,0.01643965991016141
ck_af25c72d16299258,0.006691693871193676
ck_7905fe8e257b0449,0.07965624958796552
ck_0d16d9349e4a9e08,0.03197772010650711
ck_31b16b8848584e98,0.02948264505724476
ck_67207e3eecc02d76,0.01264748411510373
ck_e6b95ff91116a592,0.005304423131351102
ck_c08f622bcd6de6e7,0.024504395453826922
ck_f9a68da9e0f0bc85,0.014411605494702455
ck_4072b59388976896,0.007986257792166907
ck_8ec86e853ad52828,0.057032939895061564
ck_4fecb87eaffd5cb5,0.005587055328970164
ck_d6880578428b965e,0.21668660807810466
ck_bfc82b3c1c9f2897,0.63430787913468
ck_c340644176ca03e7,0.01560361540299018
ck_321e740066fb05c3,0.7070184545758502
ck_8929d2eb09872052,0.027934389320084352
ck_205c107cec528414,0.4403916887438695
ck_e76db7d2562f9836,0.02188574096696878
ck_9ede51c8434cff6e,0.026149360548079426
ck_492e4b89c61b7b6c,0.009773030930428184
ck_9385f5a1eeebefcd,0.02833440646396628
ck_ee52c7bf88f952ab,0.014002169933633287
ck_d8116c34302021d7,0.001809202445656006
ck_01645ea51972e99a,0.03000138871095986
ck_7b45ed23304a854b,0.013619325486059881
ck_2096d32f3d497ea1,0.15624088978041242
ck_dfbb2056f1ef7d3b,0.01927124717245413
ck_938ce30c864bc7df,0.0010551468307945413
ck_ff30dda2c881a4bd,0.34660150188168914
ck_f88c79186a082beb,0.014848872423435687
ck_08c7bb0f9851cb76,0.06221978502376087
ck_2675e7a008e584a7,0.028830826601431842
ck_cbaf8a954281d4e3,0.9577171739153831
ck_8b24eadf6c72b30c,0.5936423076589707
ck_ffc8e3c1377d0706,0.0058250605134128105
ck_5b59e859bed5b40e,0.014469885442322786
ck_7b61717f172f9317,0.9720465075573294
ck_e5c30947b732f661,0.17664685919423456
ck_bc273f3ce79f7e1a,0.005291112388274151
ck_f69e93388b3028cb,0.25810074258761434
ck_3837ad850996ba60,0.011893898080708924
ck_36d78ff3bc033ee5,0.009181238423361432
ck_5e20953547ba4135,0.09762109117220909
ck_258d661e450ac870,0.0031518483259099363
ck_1df66f537496ca59,0.04297170471031446
ck_361f535599110201,0.007533803669406717
ck_337e98c69f6e7886,0.015596705057763957
ck_d3d5b2717cfc3913,0.019887678697292025
ck_b1dba768dbe7affe,0.0192697725451813
ck_92d782bd9ce0d1e3,0.015765490383475952
ck_26bd0f8898afc8ba,0.005708212305775171
ck_7916e53daab36745,0.03315311722045249
ck_2caf553b31831a50,0.005668594736911797
ck_c6200734c7f9b2f9,0.9224760172757432
ck_cdc55623cb16e6a9,0.002607507676092167
ck_57849e15b61c43b4,0.0033908248413913014
ck_b7af9b2ee0eebbc6,0.047494963646316106
ck_00aa5fc3b3bc66aa,0.15953268945335825
ck_9929723f65636c7f,0.9834565422358015
ck_8f6cce9f69912983,0.016528079385591157
ck_c422ba389ff00781,0.0018807475901471732
ck_9ec7f334604a228f,0.018639648450877868
ck_5d01200ba3341462,0.012984388811900572
ck_2bf10be403849c9a,0.014196263723765859
ck_6ca018259f70858f,0.0032002085801168794
ck_a54dc042ebb7c766,0.09978342208140542
ck_79da63fc100830b5,0.03987073140852097
ck_67ab6f9e05c85085,0.021948839505815495
ck_fa80da579ea9afc0,0.012459280387224334
ck_4339f86c87289222,0.4435416083609819
ck_a2299b4f530be0d6,0.4407057618608404
ck_19db0bf788697c2b,0.017064281463682898
ck_fa4211c4d826d830,0.0016147802698952129
ck_96100d5e8e051e91,0.004738173429827145
ck_5c3a671883d58b3f,0.0004993768227794316
ck_2d9524787cfe1ab3,0.30556851316725225
ck_47ab8e51e5b3a2d8,0.005954336031073132
ck_c924f36bc1bbbaa3,0.004921783140064154
ck_5c58e7f8fd55e26c,0.002768715428599023
ck_a07e7409d6d5aa06,0.019128994284723113
ck_c8413898f5f7cb7d,0.08036654615162657
ck_577c816b41cab002,0.8253480310923069
ck_9f7807ed64cdb728,0.15890998466402748
ck_495d814d6d6d521e,0.0013629936033643362
ck_7aa8bc018c2b003b,0.005647106842341724
ck_7c3a6a82f3c3241d,0.017621838353206996
ck_487f7fbc290e4ae2,0.014303570315957151
ck_e556c4d36aadbe03,0.0030228324169500457
ck_7e6569a1b2455cb0,0.002521016448938785
ck_de2924955926d046,0.027943955937242245
ck_73d60b4630e3937a,0.002547662093866161
ck_805ee564bd35ef15,0.07705957003313114
ck_0d40961e47797027,0.004370658120874218
ck_f06d00a4f9c87d80,0.0011253207316163129
ck_5ef50fb07b6737d5,0.015346939639647235
ck_16541fc15683e21c,0.009656634898257214
ck_09fd43f1b7e2eca2,0.003036137569494242
ck_2a2c336a69b8d68d,0.02263658241679531
ck_2685f38930866af0,0.05287956165768847
ck_298278a9da874437,0.01365485907249972
ck_00bd7803f2530c68,0.018389733035193465
ck_c2b4a1d8c0b6c1cd,0.0008311769926637996
ck_2acb54ca20c3af6c,0.07926165732196518
ck_e3d4b6f681c783ab,0.01564370349020342
ck_f90293f1eba5d7b6,0.021563669248955458
ck_e69d27e8965df0be,0.0034472318283796915
ck_b7f5d10b427346ad,0.004652755082958882
ck_1ce20e4223a936b1,0.015826306326217347
ck_6b97d1ab90f6bdeb,0.03865488959751075
ck_e30e17db5473c7b2,0.001513845897411048
ck_154c8efb19dee665,0.007492649669598001
ck_6f5bb0c930644cae,0.9987942909820473
ck_9e17699baa83d173,0.0022753348549423773
ck_9693b1eb70880205,0.016237232157317844
ck_1e97899875bb427b,0.0061951140636092835
ck_558a82590f65df69,0.0025944731032536772
ck_18df83242ff3cdbb,0.07201168113042805
ck_80ad4396e1084c68,0.0461563392541457
ck_0a993bc947bab61f,0.017777534622079406
ck_5c2d43ff841632f9,0.006737159986664462
ck_6e4b99fb9725d9fa,0.011647831320894945
ck_e0983999ca26c19e,0.11647879703445248
ck_6573c4947cc8607e,0.033919226698206906
ck_d879d645d6e44207,0.01088235120981422
ck_1375ad9f10688e4a,0.005929695581142043
ck_7501ebbf4e21f160,0.0096575339236457
ck_ca60d61cd4dc3bea,0.0019782694239809987
ck_ab9ea095a5c58b4b,0.012519069172026982
ck_23756522b58df5d8,0.0013519200825874498
ck_90bc176c43d85fd5,0.2930921014605027
ck_908b663b2dda94ad,0.060257751480710914
ck_4df2fb8e4b649e27,0.016384709291083824
ck_5615c6bbdef05291,0.16053945628896057
ck_b62f3e3185251f71,0.0012649698232235298
ck_38d1a22850178f33,0.0019173793810034249
ck_5b3ba20c8bb1383b,0.015706750209495232
ck_5576ffc6aaf6f22c,0.0010420035569397733
ck_cf7a022178165e56,0.005102377187433068
ck_f2c7a4c50e2ede96,0.02005278886515454
ck_285719c77eadf915,0.0012541799076233348
ck_f2aa1b677619ab19,0.006090016469584771
ck_3830c58d841e9e69,0.489360939760385
ck_32eba3510c8eac5e,0.009664721256746783
ck_8955d7b9030d5eb5,0.009177084002786346
ck_6775e387dace7525,0.0509319426175324
ck_0a0cd7f4be606a93,0.056412827987730674
ck_a9f700eee5d638df,0.002557300365783249
ck_3d7db96995745472,0.012917598163622954
ck_aeed557007d52e9c,0.0002362067288010211
ck_79b6a86830156b5a,0.03217779182074815
ck_6a1ff9d69466181c,0.9949157244873498
ck_f11b1565f986f5e3,0.026347991008327732
ck_4819327a78615485,0.00179918459811838
ck_3ed9e081959b2f5c,0.0201491509741628
ck_16af4be191c47d3d,0.0011916994570887764
ck_25122cc0e8b1a662,0.18444147981245876
ck_509c22828d467ba3,0.034614298049665815
ck_31109c899336348d,0.00635007836296729
ck_c51131e53baa59c7,0.001837607698263588
ck_cf8ecabbc61d3e11,0.013934166472354067
ck_eb6baff0f85ba936,0.03183017854234887
ck_777669e2243204f2,0.8442604659183363
ck_ac0ea27e692acdc9,0.02343675213823545
ck_4c6ea04ce8ca9e2c,0.006659634021043701
ck_ca54b32fca7e94cd,0.010906686829816969
ck_4dfd8947f540eb24,0.005387633026210803
ck_95aff1fe27fb24bb,0.02740948206372994
ck_c7550723b90e5615,0.003978381132622591
ck_57b3fee69bdf85e8,0.008755511899720037
ck_f823407ace7ff064,0.04788112637373353
ck_a69084a068bcc8aa,0.044848297422689115
ck_c7b17f7b24bef5d7,0.015504719694150088
ck_7c4e588f927c27c8,0.020067735909224033
ck_77fdac602d0c6f95,0.05080818086069208
ck_e963d8525018d072,0.015452570854622706
ck_6e8ebaea8f7bffaf,0.0009610285212380149
ck_aa42976a31cb7770,0.0034228389331703193
ck_22c862a496008c96,0.9980948298510052
ck_527550dd15f38782,0.051860251188722166
ck_b3ab3c210e2c7c19,0.019892733719261847
ck_ed9c56fdb9f45ddc,0.3907154937742302
ck_b53281da70defcfa,0.009911873984193537
ck_03009b721568ee98,0.09201913035831634
ck_3d9afd862b3f4053,0.3700597612339554
ck_ad3c4be96599554a,0.012033335545265809
ck_d1c787c27d50af49,0.037121975098644955
ck_c7a9c7b2eef46a99,0.022071914870277296
ck_53036d3c6c74446c,0.2064882985888962
ck_1b1efbd9c0964c8d,0.014194288886292402
ck_d66f42a269d5c1ed,0.045093198611028715
ck_fefc49a2b8ad993e,0.01010576493213685
ck_8b3b874249adece9,0.025518886704746085
ck_193d9c87ad3f1dad,0.0026552074033381846
ck_0c6a50d747593b7b,0.016102311684491777
ck_c830f3830875b47a,0.04704662645484928
ck_79e202f06d8dfe42,0.03855839835642947
ck_5c0fe988b8aa7fcb,0.13897122604554826
ck_a8382d8345f21e1e,0.0022561550189740937
ck_8cb20053914692d0,0.0356847217652036
ck_1da2f69023ca4c13,0.002866846550311042
ck_38abb60995114f8f,0.07425844193484255
ck_f5791fd8fd8fd191,0.010748163754602353
ck_a4e6fc391b674335,0.35818920080790684
ck_bd771efb4a7e15d0,0.006038236606329803
ck_38ba4a6b6a292054,0.039600164419712154
ck_f7a07283345a0dce,0.001977380117093377
ck_87dc484baaf5a23a,0.0011843324621758874
ck_c84ef83489badbfd,0.0348218955858572
ck_a397cd64ec5d644b,0.003691822115331644
ck_7977135c2ff61e92,0.007878283231356902
ck_52174855b243a8b0,0.05672138224787123
ck_0f35e930d0614613,0.9682901673849089
ck_b170a7db522a0d6f,0.02329421025292925
ck_7af748a23775bd54,0.10268808830897115
ck_52f641c9ee6fda70,0.0034563974242189694
ck_c3719a30414bbb4d,0.01834768953993809
ck_2baf214ad6bc0dbf,0.04324687113012989
ck_8b39d8aacfdd72b4,0.03208732686185971
ck_d39b0152116203be,0.021189376717252642
ck_ed33f8a937f9c7c8,0.014587074710406135
ck_8ef97b55a5fd6ec9,0.002960060257158254
ck_8247f008a14bd1a2,0.0013167673832323711
ck_f0d349d68249d5db,0.0007760368868343983
ck_a544e766540861fc,0.003232717681316613
ck_9dfaca4c7c80b10d,0.18271316444466654
ck_7e5401c362b2216a,0.002270473455487
ck_64ff60c073fdb6db,0.017285406537513006
ck_fc5ea49518e5d637,0.011253203470062466
ck_580f136ced341298,0.006818574662894209
ck_9cbef9bc95449dca,0.003979206138990562
ck_e475a3b8ba870a7e,0.006077943794547915
ck_97e94708bcf43563,0.024143443479578107
ck_13f03ec785cbdae1,0.0008266843294338041
ck_152820d8817f478c,0.014986211149124944
ck_d20d4ba60eec9945,0.018066668392522613
ck_5c45968a805132e0,0.030952877998890523
ck_bebea2cf3063fb24,0.019273894367953046
ck_c3c69aefe7ea1d2f,0.019224459941509356
ck_02028b72f26fe855,0.01751386420999145
ck_dfadff70a58a9133,0.003840882639716761
ck_6482ed4491bedcaf,0.009621951718909663
ck_754cd7b4a5ae3f94,0.04270095913983741
ck_3132857aec8485bc,0.001550401024550973
ck_7ce4ca91b8f9f1c1,0.026555389249984372
ck_41938582f4351772,0.01744705479022004
ck_f87d66946252476c,0.1234200315835187
ck_8053f1879a9b4e43,0.003460905847271
ck_93892e91387f5103,0.05872148797950389
ck_15254db133b28371,0.009887548135097035
ck_d557b9feb241b3ec,0.0014966526524650683
ck_71c3a8e4c12c989f,0.014360925664397834
ck_80e3041811033443,0.05852471581552243
ck_3380d60067b4634b,0.001234228551066355
ck_a9c2cdc758df8510,0.04771827965171076
ck_3c0031d7514da17b,0.01792879850271084
ck_18d214b1418be39d,0.0018216439366558832
ck_7ce768407fd48321,0.04071045974611355
ck_7a50abd42298133b,0.008219649714917232
ck_2db10f987d137582,0.035010611528670584
ck_e077d004cd1d80ae,0.013213332008782622
ck_1cb6dc67f9a321b5,0.057690074242178896
ck_b864f64101149c35,0.412889217220085
ck_9bedf54df9418e4a,0.002068922619069277
ck_c47e32c47f0e6578,0.10740884500149478
ck_71f382d5e338daa3,0.004415042334447365
ck_14b4bf7be6ac2b61,0.04012660925081816
ck_5c87eea1cc07cc92,0.053747187354062385
ck_5f445182829ef342,0.03118749285573822
ck_a5d7311291caaa54,0.006354287033655864
ck_b7df99aecef385e6,0.12085958770880251
ck_3327a0582407068b,0.034723454850077135
ck_08dba09fd7dab896,0.04990152365061176
ck_f4ec334be5266378,0.0032393362097590077
ck_240f7f894c5a86e7,0.0044705274712075575
ck_a9d994554fc14a02,0.0006417674677326486
ck_13648cbd306eee6d,0.017342225794083406
ck_601edf9105b3c321,0.9927990333323229
ck_9527adac182abe57,0.5843201836750147
ck_4e0e80f5cc271bf7,0.0013101545540859059
ck_96a89e720176b389,0.06627429067589129
ck_63560eec94b76d2f,0.01723910976996621
ck_c9c99e5b19aeced8,0.0019127133550609185
ck_bc32655ee5ed643e,0.03391678828133083
ck_edccb5a93b741744,0.0067895195720694785
ck_f786cbc987b70930,0.002764326197465085
ck_0e8f26536ccc8947,0.023834713210294983
ck_b87ef4b98cfcec4c,0.0401910641853889
ck_1a9235812de4b2c1,0.012087640642474425
ck_d1ed88ea4211ba4d,0.000577859388425603
ck_a4ddac49657a4450,0.0053549778135894574
ck_d9ffca35188e49d8,0.024397326660557765
ck_3db73bbe03c3d240,0.0017191649869068568
ck_fffa0622344a36ab,0.002110641121410025
ck_148c28df51bba5e9,0.9401652337023201
ck_076cbc25c8f15fc3,0.9524360007681492
ck_e5ca550b39ed45bf,0.2874775723320284
ck_8dacf3a2061ca17d,0.011952685322650116
ck_2d7394afd61643d0,0.01078534596359449
ck_e42206e91f6a1752,0.0029704042589449617
ck_2f4f94827984c426,0.0013689062233835946
ck_edfe8e90e8f4366e,0.003834270478410512
ck_646b15f753e5e9c6,0.052517355824094274
ck_66600620149c8799,0.002813453909223138
ck_4ff6fc70bccfba96,0.26380251151529704
ck_41af3729590c2484,0.019128398654808892
ck_920a48ba8c583e96,0.005523636534398938
ck_0253b3e7be021306,0.002426918259555291
ck_2ae6949246ea2648,0.03447261019707924
ck_db23a5100f338d72,0.036745649346378674
ck_fcb2a559474c3493,0.0308017468505944
ck_0a4d7acd2a53cbbd,0.006614696053327683
ck_c5d62b2b7a6f3bac,0.9689434963232442
ck_cf59f4fc0ea690b2,0.024661957530042147
ck_837be8126bb19250,0.0018441868190741321
ck_58955542edee1adc,0.019616708719127886
ck_1b93381d8eea58d1,0.0089412403489818
ck_97b8e05d62abdc14,0.018693606881579353
ck_71a0d645744302a3,0.017193380468106968
ck_a7b57882ab66b111,0.0017085286368015316
ck_65f76421be648549,0.02451163952167004
ck_b53ea8713d32ca7c,0.03384388218396417
ck_991c4c924a1d85ff,0.782747327158303
ck_8432ccec1a4ec7fd,0.9943131674892369
ck_64c1633297f43788,0.007329337555034014
ck_4291fd9c1161d8e1,0.03228585618519549
ck_5e98ed6391d9f429,0.030650553454032826
ck_c7baebe4549fdbb4,0.03402998845877291
ck_6e67225ba59fa5ae,0.06405188974540393
ck_719602def4d35fe0,0.05082010202884019
ck_bdee7c86f5ebe81f,0.018662971933420387
ck_8de38f8c7f91961f,0.05681849382350482
ck_b0b5bf9254700402,0.014198597808161491
ck_7b55d9bb1a250d4f,0.10260616320885906
ck_3954b7b0fd1d6614,0.0011589573718643476
ck_f29471fe7c818d6a,0.02009814040315293
ck_9e65a8a2f587691a,0.023821468173961302
ck_eaec5f1a83b66eb0,0.2726409823189428
ck_004fe0daecbe2c1a,0.013441900711624018
ck_d17653a4a2d4a79e,0.01676943744807859
ck_0dd417fcbf19e424,0.02305582507027607
ck_4c99a6eadea143e2,0.1645403666732048
ck_74d602c907ee9119,0.003371684589527913
ck_1aa87cb62acc0ac6,0.005970678890491112
ck_094974d75e29fb2f,0.09842589157048044
ck_5ef935ac3d4d3332,0.023259390770925186
ck_b26e4ae47c9107ed,0.09456912666099279
ck_396cea6f95186ad2,0.014924140503514441
ck_48446a9e8184c7d4,0.0029647541712888204
ck_31e1ede23247d56b,0.07037656673430888
ck_7afefa349b960a3e,0.014199513925076375
ck_f5e02a3432571b20,0.05637398500096394
ck_64eefec062592c43,0.011666421776446426
ck_a1201284122c141f,0.031224987862147183
ck_1b34c420a4c85a95,0.018704839209394097
ck_d637a011332ba67a,0.0091709437694271
ck_99c0004d8b7079f8,0.008981145920079018
ck_948517bad569b40f,0.1312694886869868
ck_a28d6b1601b472a6,0.02197338995263722
ck_a0b4209feb31f5c0,0.9943546349093786
ck_d6d2c1f6dfc455b6,0.5485343455908995
ck_3f9e6d356d3dd3cf,0.00201963783484723
ck_d08e00c842b75176,0.014619771150609176
ck_bfdd232a7c5f2660,0.01965605688625439
ck_2cdad03ed069438c,0.026848896072233168
ck_42317c3eabd0a285,0.18618494384933998
ck_3eb73e56751c704d,0.027466141898368695
ck_ef33c04f4c9e3758,0.04512643607541674
ck_1dc23dc870f1773d,0.016948087007461077
ck_76091f357974a152,0.014127405509963805
ck_4d9eb75e8eee90fd,0.036735849758700055
ck_578f67e69e5d2cfd,0.003192152740286334
ck_3a8ce1cc724229b8,0.002516475624776301
ck_a96887f841e80fc1,0.01611586184630854
ck_d2d4a8f4a9f2c33f,0.005456041700911191
ck_11f85bc705dbe036,0.04090347423559759
ck_7429b3f87528e335,0.0054074646955424915
ck_26df74feac7ec51d,0.02923708707316083
ck_c78b2638fadd91ab,0.03341029271652372
ck_7eaad325abe3b50c,0.003297844252895787
ck_fd44e34af620e606,0.029569218284458167
ck_f99738dff854e25f,0.0043418264371540725
ck_1ffbce3a239bb264,0.004765244631324141
ck_96c7d52ba0a766ef,0.03274863928418249
ck_cb1c00c300af3f9e,0.012303735681716952
ck_ec3d12848ced99f2,0.008856310528904777
ck_26cfd7c3c6c7bf69,0.012853374360364163
ck_7ae86b5a885affc3,0.031145305023863167
ck_3edaa94d28cd48ea,0.005383306765807376
ck_3209c530c9812e39,0.005898408538169218
ck_ea62ebfc1f04b49a,0.005852833182283217
ck_5fc90b4668ea81bf,0.02781806921556375
ck_95654593cdebd141,0.0015403535473297878
ck_958c0bd61820147f,0.038382245276558875
ck_8440ef1386c07194,0.005002332374521497
ck_8cd1b68dd74b1375,0.25597958766469847
ck_c9eb4df91ff07f2c,0.05954701680724904
ck_c29489366c01fe65,0.9459640538718848
ck_c965fd6bec0f0ecd,0.06043769410415441
ck_84c402b23766e1f2,0.013553452281499052
ck_181f3dae03b87136,0.05448329415641541
ck_022a8ae79eb28cf6,0.9758824667599029
ck_469c17407d17b706,0.03851415787663447
ck_1fcc5843f39148a9,0.0026389442838254547
ck_5debd55f361b2ddf,0.0066418249059046535
ck_28cb9b03e89263f1,0.0012286676311971897
ck_f067470743d3c7a2,0.05861366249499173
ck_d5d225ce41a1a762,0.019433319891630423
ck_15b4840922195ffd,0.01109411492102819
ck_6bcfa37c717f19f1,0.027456513376166076
ck_8d501a0386c66be8,0.4323028957346185
ck_1a9d6190c57ea7e2,0.5799217294741256
ck_c49832eabdac5bb7,0.0023660826632634704
ck_b4331140b2e0d4aa,0.00759613434807226
ck_5efbea1befdefe1b,0.1794743178738113
ck_72ff52c4824072ce,0.013174540992161041
ck_ec3715add8bbb6e9,0.0065718008990064605
ck_9822f8ed05335741,0.03420599108542759
ck_c3d7d3d12a1981a3,0.0033610719281956447
ck_a115a7919ac5875a,0.043607631447855046
ck_4dd4ed23e0b927b7,0.17322009241706943
ck_4c76efcc1ee6762d,0.01474725646801736
ck_3ad6e7bf452c9b21,0.015666743883911902
ck_dcbab304b55a42c7,0.005830449000860357
ck_24b53090faf722cf,0.006335995141703087
ck_187317383400491d,0.004622455521899726
ck_e07fd57565c94c28,0.06441763023382795
ck_740e760fdcd27835,0.0013854041794555043
ck_d3796aebda1cfed5,0.8920095837228115
ck_e541967c681cb929,0.04333131832040263
ck_431118050b834dcb,0.0010048310872479615
ck_90f3655f0c8a0074,0.0016471382472340041
ck_13cd943777651aac,0.02489584685151229
ck_66accecabf3901c0,0.012307711127616668
ck_937f0da2306b2eb9,0.004916933676403436
ck_105b0c93573fd5b7,0.09022851443649836
ck_00480407160e0743,0.0022005119980335833
ck_e032068be7b77d15,0.01621730884602277
ck_991b7dfd69098320,0.002724817971739257
ck_37d47cf0f34574a2,0.0007872468874863919
ck_011551a596544f5d,0.0019098391805790463
ck_9acd98f4fe2d474e,0.23033386690725383
ck_7c88d3d377bb61bb,0.03414919983999654
ck_e2374c7136c964fd,0.03160298429576366
ck_2fa8f2577116e9ca,0.05285034325716457
ck_d07c5b0321c685ea,0.24300529349834088
ck_bc736114a31088a7,0.036003535880055046
ck_32bb42f9bff197f8,0.010233627683199185
ck_66267bbad1f1415f,0.9974356820766748
ck_19988702ccd79201,0.010169773411515643
ck_f473a03fbcdbc4b0,0.012093607093714966
ck_e3f1d85fa5d49396,0.00983165165057632
ck_c4402ea6291df271,0.023490948216246425
ck_243bd5ca8c4ae5d0,0.007652609680212549
ck_f271e855925e8d6b,0.17148103577723056
ck_e424148c6f2223df,0.005085654691189722
ck_e4d0a9e1102a58b5,0.001607412315237518
ck_91c2a5fe69b9b1d1,0.02256614963546837
ck_5fd8924732fe403e,0.16060808783207964
ck_9a881d5433126ada,0.010213482372489468
ck_73cab88b29c7845d,0.018523690232458475
ck_5b5dea6476d4e182,0.02489584477492478
ck_ccccb17d2ca6ce94,0.033067320391220824
ck_cd1dc68e441222b1,0.9740195032795501
ck_8312c49b1431a406,0.00897068269815354
ck_25fea39897f2a559,0.007724212004502449
ck_f56200205280bddf,0.08077477293999191
ck_7336611650dcc088,0.00404371237920374
ck_590716322ff147ae,0.0221456443195145
ck_c82364d87875a1a1,0.022713559750128134
ck_fa4b60387d744fc5,0.004283889641729166
ck_d841eba8906e9a15,0.006329792701529756
ck_d6df562a79b9d0d9,0.009527468052472163
ck_59a14d2564193101,0.007386761715453723
ck_8530158e3d7f59e7,0.007542144822127749
ck_ac68d707006c12a8,0.03001449858750203
ck_976fac1bb3dd8c58,0.036981218353005635
ck_f854fba8f4adae3d,0.06174271753570994
ck_b98e9c3ec6e7d1e7,0.009017482039185115
ck_803c0b4cf9d4bc1d,0.033640038435661865
ck_76997a33c3ea5107,0.0020749548991544344
ck_f1a9d832b700bda1,0.9574921125585717
ck_2bd96ddb8c323d63,0.9804898984002405
ck_9e5b7acf51b1b743,0.0373530872966732
ck_09169f22194fd6aa,0.03029670582608636
ck_6d69e092f9b0848b,0.018722005866302464
ck_9f83fa5a2d3b9049,0.011620149672781974
ck_57bbb19eecb4b87c,0.006467902042188376
ck_e0e9cfabb979f428,0.010808844177188585
ck_b1ff9edc51d42f97,0.001570512311050012
ck_4682fad271d47eb0,0.9403247145525894
ck_ab33fb754c818ae3,0.038231464493154746
ck_b456f62b80e21557,0.0006972608277483968
ck_16340be3f2a7fffd,0.0033026045921818615
ck_ce66831f6611014c,0.015504125888689428
ck_4610a073bb54d1b1,0.016498632995518858
ck_fd038a7d33a9d6e5,0.0045853758792207
ck_c8198cb4c461304f,0.04496853536114789
ck_1e7de58822000dea,0.0022338217524155214
ck_b2a79dd3df560f14,0.08392303667861267
ck_74a06f347b32347f,0.04054287495485547
ck_c6fdb2972417c9bd,0.018679121137171437
ck_d7607a213b800bfb,0.06773324031895077
ck_df65967b8b40319c,0.0014029900341863085
ck_329a73dbd585ee09,0.003947457310057642
ck_74991a9e85c3b07d,0.008466876027124275
ck_bb76609b79e0bc9f,0.011945866751848942
ck_f7fc1bd0b9ab1fa4,0.010153770912414154
ck_d111c98b36bdb791,0.0041093842253496346
ck_f07e27d125497b66,0.0153059382214647
ck_093e3a7134e11d6b,0.013389055799308243
ck_862c7953bdea48b0,0.009984266666320515
ck_392cf2cdd515c34d,0.008309063145957196
ck_80eb91b0b4001084,0.0596539744416906
ck_5923f53b77193a58,0.11613405165254953
ck_8049f5fce32be185,0.8118534006939981
ck_ebc5a2c6cf88e252,0.03081993945485343
ck_9ea5872f14cce338,0.02441457473171718
ck_f7fbc95ebf584379,0.006622691207271796
ck_bafe82c870356706,0.9811554327175939
ck_278b36c5932d9bff,0.00529398008528984
ck_6a892dd5d05c1649,0.010861005920578334
ck_0734fd90b2cabd43,0.009224705068929634
ck_9b552204498b6762,0.04131969707108735
ck_f6c909c205767956,0.035360386032925
ck_32f590e87bc3d715,0.0003820159825947319
ck_66a8325f28be7562,0.002538615656299167
ck_b129261da9c3c3c9,0.002400751830442829
ck_a524071c51ddde20,0.016533125440398647
ck_ba576d6d4cb6130b,0.2716535930430949
ck_8d8226520722af78,0.047960621917671246
ck_c5b0f0d4f1655a20,0.026929719761664337
ck_61814ae9b6d8eab1,0.01533086175591026
ck_382ebf136f7fa337,0.1415713936821628
ck_423ff4ede6a9f066,0.007324512357986494
ck_546ad962d04b7de4,0.9349606373847232
ck_9473ea4a01c95f9a,0.047781187706233845
ck_9eb1da8cd35a50ce,0.007557329007124842
ck_de5eaa2cdbcb67ff,0.12243047718872442
ck_537cc97d0398c922,0.0932838100588107
ck_998475a2e4dfad4e,0.019425380559750946
ck_e62eb708d2688fae,0.0195816914197572
ck_ea623358f704daa7,0.18469225938684497
ck_b911a09f328dfd4b,0.005397428956676242
ck_4b3506b624e5193c,0.03290242059393012
ck_448456f96788713b,0.04194557631791492
ck_5d5ef9e75f65d076,0.020029912907270797
ck_3b74512f774a6e5a,0.010557090294446826
ck_a032e8ac1507c6df,0.5675165168656328
ck_7e2d6b22a0ae20c2,0.15564476655941575
ck_d80283209c963f11,0.012006443464210599
ck_d1157eade2ac3975,0.010604190575787039
ck_be48f583f79427f7,0.04376675207811628
ck_0027b5d4107d65d8,0.07403026256323672
ck_94fff69584dd3b2a,0.018582372567522255
ck_75fcda73f0b43557,0.011872329389848665
ck_a1c78972e4ee4082,0.01475475142408266
ck_f0982bbdbd122f91,0.005722207674135054
ck_3199b471575aeb3a,0.007008860452674914
ck_7fa947a0b1c1cf74,0.07453471607429343
ck_a60c618b7f0e4252,0.008703736273510804
ck_722ac47c8ac9b6c3,0.12102086491667785
ck_d44dc3839a195c8a,0.0855739012944724
ck_a2c3e82fab520483,0.06838676345305832
ck_6f8ae0319c07cafe,0.0030236188882182247
ck_49886ff1e2c759d6,0.04975108748889149
ck_150a1108f936e6b0,0.006545763327074958
ck_e21f9f96f597695b,0.01112774236711128
ck_7297bff2b7fdcbc8,0.0006084274466765726
ck_ee949c71f4f702eb,0.9866743542174689
ck_6fc37dea4b4f35c6,0.06977796006090958
ck_e76257caa98dc25d,0.9110766974643881
ck_828eef2334e17b3a,0.00682206861988647
ck_604e1b8a8c693aa7,0.005819888519575999
ck_7743c9fe037d1f9e,0.009917214711932942
ck_864a11202e19e812,0.15231751215851205
ck_4ec040b9e3785e4a,0.0031801978386666718
ck_7346e4f820d9c00a,0.9201083731371822
ck_48d4d63beb26b623,0.007324509328176299
ck_c423aa6de3ed1e01,0.0029140014372078674
ck_d74b2ead8aaa3f73,0.012659690023986484
ck_1dd69a11daa7bf1a,0.03504798767934679
ck_d9143e236eef177f,0.0132040707251355
ck_f790d91e5ff0eccd,0.24706115375831825
ck_69b5620e00ef5dec,0.002296316966353198
ck_cd32e58e8a1c0e85,0.01667646980374632
ck_064013b0957d87a5,0.9933674921672605
ck_a481385c2e60dc4a,0.003315385414541266
ck_d72035cb29db3aa4,0.025972856446052666
ck_3759939a0205306d,0.013679583518424682
ck_f437a53fc832ec95,0.5746137392128979
ck_260ef2f3e6434819,0.09910219875423283
ck_35e411b05d22f663,0.025788077946716993
ck_8bf46e472f3e20de,0.13056649792100325
ck_d546994fc5d3e9d1,0.009650135799260008
ck_6ff0fc7487e737e7,0.3131454724997623
ck_5c67f27816ae0b6f,0.0371484684465521
ck_c5517923458106ae,0.005299734653567262
ck_d9735647a6b0b0a7,0.8065342679222359
ck_541a734fc457246f,0.08743021153914306
ck_2f6a639468f41043,0.003609659521858975
ck_bea2cf7a6b7bb900,0.0025134255089634223
ck_7eebd0e6ad6c070e,0.00719309753411216
ck_b64c87d5e3b10e6a,0.8931961646697575
ck_9dd7daacb7833233,0.05184229995707512
ck_396e9ea9a6c6d7d9,0.029254665472696263
ck_1645e6cc53fa99ff,0.030136686874179103
ck_ea2a83ccb8d57490,0.005713042159330959
ck_e64f0df63e1be595,0.06426918183004414
ck_fa0b234481cb57d3,0.032458069413436444
ck_63379e3c9fe6f711,0.07304150763842979
ck_c67f7944896a0310,0.04856123050591755
ck_c10e54c9db29e6ef,0.9913218223924776
ck_7184ad7709ae4c80,0.01858049129466939
ck_f8b6069d7577fde6,0.0030542279334093998
ck_18444be153bac1ca,0.8472042011747685
ck_d0982b4e0e118e4d,0.04037716547127118
ck_6faf3e6820398866,0.005650847341395585
ck_97e980463aca4644,0.003651793545405969
ck_630c835243c66b19,0.9871645419979035
ck_fe429ba3e1aa0e4f,0.013281222998202755
ck_1058129ed7b48c59,0.03288299932478982
ck_04a1a46f07885296,0.027466476024586062
ck_f01e94331067edf6,0.03262958346277703
ck_77b2fb17c29f5e72,0.030043225414797835
ck_4f0c5857da45fb28,0.2639908129411059
ck_2cfb9a7775e8a5bc,0.9864235839918062
ck_6846100e43659bf3,0.0039930112582851115
ck_f89719a854fe11d7,0.022414319627541198
ck_bf47375e41ca3bc0,0.0010227379055738524
ck_2770b0400a7bef08,0.08634049547346177
ck_2a09d142de1c77ff,0.015563070709720545
ck_857a1f5547b9ad68,0.023472216091429157
ck_185f15b1523bbcf4,0.002338824460069264
ck_ab2aed614ec1cdf8,0.015328147429783258
ck_a9e7f3b2d5dfd97b,0.005343356076106819
ck_0eeb3d9b3e697edb,0.041263419955706225
ck_fa5830d81bc8ddc1,0.003625828877413952
ck_231ae0329ebc3220,0.005647622851258668
ck_1587763dd54688c9,0.005746280082948855
ck_9f85fea4490c00cf,0.024235216688461864
ck_a2d709e7eb91e4af,0.026162568147599916
ck_43637d28c7216453,0.00393469963972737
ck_f3ab5dd853d38252,0.037289463647243046
ck_4a1f0172d3bf4fd3,0.011789042380619742
ck_517620ca16505af0,0.007842381231788893
ck_9ae904fbef56065c,0.00260996723759966
ck_d5ef1f6e34bb35b8,0.09572819661264809
ck_ff42557857ae3aeb,0.00043063117646180877
ck_ad9a18f58589faa7,0.009035952044952625
ck_df1a6edaa3e6b271,0.004050195497420345
ck_99021fe7225b5a68,0.04564679068821015
ck_99e52c3c2530b69e,0.9844090278588343
ck_3a4811dc4a1a891d,0.004538339785788582
ck_ba3a6be026c87079,0.006370413236882528
ck_da6d1e5cf6aba6fd,0.013475131815608372
ck_ddc7c1f3d45fe6e6,0.022490090425049576
ck_e1b1e7a7e4a15b3e,0.006694171560525942
ck_8288f7f226e08b89,0.012367455654085237
ck_c4524993ec31dbe5,0.0076956353243358
ck_8b19bb5b23b6741c,0.043288411209352735
ck_d21b38231a8a9f4a,0.1428843983364657
ck_3f730318a9792292,0.022154217311737848
ck_a4db6e94a8f77f9d,0.06825635530798767
ck_a8cac8d480306839,0.000955518993991729
ck_5472214011fbc2a7,0.004186368972623564
ck_7356f47dbbbe7904,0.005349676447797084
ck_16801e628e883d78,0.009314051529929082
ck_0dc1e536231c4860,0.013282342325996727
ck_7cd0634a6e60af83,0.012153114551113247
ck_ef6f8e048ae1bd4b,0.005652621701487317
ck_82f3f744209888ac,0.02122781116573819
ck_f33188c232a03526,0.2289841034422209
ck_4a59f4e10bf45d7f,0.002723127368942397
ck_d96c893721385e4e,0.0017477972626141346
ck_f65ab819373edb37,0.014643024693423065
ck_21cac21fc10b7768,0.011243776626547691
ck_139b54e6ccbdd7da,0.05098714626750691
ck_d6f5c8741697abb3,0.018986659906328515
ck_a28d9bb5590d458f,0.03276774889117018
ck_ed26d906883bea0a,0.0047864061070818234
ck_227602ad072b838b,0.0009157792103205359
ck_39d5f6c17c745ab1,0.0016457107831433398
ck_744eade757ba69b5,0.02760838016274835
ck_c1295d97cdf35ec2,0.010605311864806392
ck_69105f881da3c821,0.0196787823217332
ck_933789b55361d7c1,0.9391054226715926
ck_b667952253503174,0.005557221789843888
ck_7bf668e25abeeb05,0.003339029055193957
ck_91742711dfdffd56,0.061041460797078506
ck_af32a0660090dd68,0.038603019150420734
ck_2122f201e65f76ee,0.008993483387247146
ck_f48acb73a5d6af07,0.05189952751239197
ck_337c5684510cf432,0.05873344792685564
ck_f7bde7265053364d,0.005433103049243323
ck_c190c7b924edba75,0.0685877794154153
ck_044fa3b3a003f0b5,0.012928405686315625
ck_87eb43e3b9d96169,0.05084389839641298
ck_2d3d6c9364362017,0.0012118997894529596
ck_ac55dc6cbcdf8228,0.02236346665230754
ck_61d7b0568ec5d6cf,0.019230946445189037
ck_89c74feeaffa7d09,0.00796757582135916
ck_93776b0c113f41f0,0.06341660055353249
ck_15e0b679931f7a8d,0.01495843438959474
ck_77b56c49cfdb1d81,0.05596297871354074
ck_73188a826b5f499f,0.00720921986978423
ck_4f463ef25325ddfa,0.4224060442191509
ck_863db2e394dc47d1,0.9582305622747956
ck_d52432ed597f3cc9,0.0036579304652538556
ck_04fb61e5739642f8,0.3139986506697118
ck_2e481d75d110c06d,0.04154464658726974
ck_3fa1a523d77cd619,0.021180571084187125
ck_466dc6274fecd708,0.012721894654141433
ck_e1790b3aa2241b10,0.8808117597595653
ck_84ad096a46e1a960,0.04237855518067885
ck_3be72c9c178fa00d,0.02137202664659325
ck_5a17c89219d1d9fe,0.010391645572683201
ck_4f639f4ee6ce8d9e,0.06784990636343331
ck_f4ec4a935e51b4db,0.024004605232155963
ck_f04040a830f92bac,0.012722159317575211
ck_3e4d02a04be2aaf8,0.06931615840311446
ck_4d1baef193cfb900,0.020530639114343385
ck_0fb3153d37626b75,0.0020340530405185387
ck_88ec57a11b11f702,0.9349477394342298
ck_dca9dc465f759db4,0.0069221937514817545
ck_64f5fba6af67e024,0.04309415183337455
ck_896096cb167254ef,0.06406010438041011
ck_7878679065876b98,0.08628368267103861
ck_fe8e5a6c880ceb4e,0.012146407694449328
ck_a5e036327d3d1862,0.0013260236083771225
ck_310f73940fc4cf4f,0.020442098693431134
ck_46a8db16ad00b749,0.018275155403073635
ck_0d33977c3de8cfaf,0.9931982261276582
ck_c6fff412f531db0f,0.0006158083995095691
ck_bac6dadf428eaea9,0.03825710408928623
ck_1b96d9af0d7da2d5,0.005279538208242759
ck_fa8a4a9e77799fcc,0.003125746451194145
ck_0bf48607a874b4d1,0.00137939851546195
ck_eeb75f8a6439f65e,0.07555894551983844
ck_a209a5f7d172125e,0.01043485020482179
ck_8f346b72fb40bf14,0.003656670018855431
ck_bccbf9fef367f00f,0.022281792857542112
ck_2d1548f1ee405cc9,0.010703059291149127
ck_e8298ff2dc1e9d50,0.00465582783682723
ck_77c0fb524edb4a94,0.004333750193636203
ck_28ac4c5134cb8e77,0.03588565240034701
ck_db23a0e3e54be60c,0.8148057531570664
ck_a059d00cee5cee99,0.006247814247023028
ck_3e9e3bba8bd363af,0.00528877192733203
ck_0428728df24cdab4,0.004944110702526118
ck_88cd35378075c84f,0.0009182918415242586
ck_0174d76398d9dc0f,0.011263066094569053
ck_3f1287e6c27de0dc,0.02615311280724247
ck_ff822700f3605e06,0.9992857844293408
ck_4563227b2038ae07,0.1987824170970315
ck_788e78065526ee19,0.04696386439967101
ck_8a16eb584093b12f,0.00229857058114317
ck_cc276f71ab6c08fd,0.06465528954184022
ck_d61d97b21002f3e9,0.06954515362176097
ck_4b2e87d86a5e415c,0.03642799454170669
ck_3e6f35e4500d2f2a,0.0012420818109134383
ck_3acdb083e0d8ad61,0.00432039485673675
ck_cd655202db489010,0.008129218843246985
ck_829cbf5ccda481ae,0.0088705788684913
ck_f5882e6f98b8b4cd,0.0016287925956399358
ck_767947540b234add,0.017162797655108673
ck_a6e8e8f535b1f1d1,0.04239370236265973
ck_58412a2674fea506,0.015262147146960154
ck_fae7e518a585fa61,0.031781006789927686
ck_9c60ae6958d68dbd,0.6445316080209005
ck_328696b8f5e54ec6,0.09477830376809024
ck_7df3f8f4f1068d62,0.004894804349945584
ck_cfadd21458230ef7,0.009218691598711467
ck_7048bedd554c703b,0.001281068288750839
ck_50422466f145bfd7,0.005459096516468206
ck_61e1f7168cd9ff25,0.07816246153592342
ck_733aff0f56f5b3c9,0.020714313110764417
ck_e14892e424180549,0.004470611028040618
ck_03f6664a96de7d0f,0.03309010291513995
ck_b7f4baa2cc82fe61,0.006820335916360241
ck_1e51199a075ca0fa,0.004209976760064255
ck_0e70516fa07cfb17,0.8653244531980734
ck_0f37c554a5057801,0.6731311132190896
ck_5576b725de38d106,0.007248370248755506
ck_82f360df1e9f4eb8,0.09675391051407885
ck_395f3bd4aacd7ca6,0.031022292911860806
ck_5e8e857b63966609,0.40902101243375155
ck_93470896f0804b6b,0.8941825457264551
ck_3be854e42e76569a,0.008107376011363392
ck_0567302c57a2417e,0.19392815224010335
ck_ee535461b5f05539,0.1579451588177786
ck_94a096c36162a153,0.009375209588960992
ck_dfc8f5c141fd7c63,0.022767021388179872
ck_98b34f2d704c1c2a,0.0392711523807003
ck_96dff7a09d45f116,0.06191021672885365
ck_79557434c129ba52,0.005237864299733275
ck_4596624a7c01d501,0.027837721331461184
ck_04e89fbd739243fa,0.003860867399022338
ck_6149ffaf18872dc8,0.0027842062473193607
ck_cd78f0832a09bd8f,0.5623049172362791
ck_7e29c10d781c3b41,0.011969184601371167
ck_1f7ee7b23fc6f2f4,0.005615796459929303
ck_c49b685d2b3ab89a,0.010535979715559191
ck_84569a8fc50e73ac,0.012093371897338456
ck_b92b11d205af91eb,0.0021319796281968647
ck_06280e6d6d2485b0,0.0038240417548681847
ck_3c08546dd0c92863,0.023653450707187544
ck_99d3983f907828bf,0.004509776218190741
ck_eccfd552aa652d3c,0.01207026595995598
ck_0cff8153881875ba,0.019856081195344346
ck_c1aebbeca6ab5ff9,0.008082878789972572
ck_538fdbbb3c2bcbbb,0.030176543608975773
ck_8c0210322733c718,0.009536838147108801
ck_0b0c93039f987abc,0.008902990721679658
ck_6d07d6d1bd227d37,0.07050910456822661
ck_9b6ee35e8cd0b11c,0.005250860356685015
ck_d838491d3d4f5ecf,0.004460291798978949
ck_0593ae243a9ebee9,0.029096412964609884
ck_ef261fc09be8eb0b,0.0034200052679379984
ck_d0935b571a4a3868,0.014881716622899922
ck_97d04a67a104af39,0.09438685874741638
ck_e25f70d0b7229420,0.03397742721598341
ck_9b71274ff83de482,0.9758635298760386
ck_6de2aa2bb60978d3,0.047072426726626246
ck_eda55c8fb47593d7,0.021854813643250114
ck_924e572517515f19,0.20802754516106614
ck_d6f27eacbad310f4,0.008275198424171747
ck_8550f229b5eb03ab,0.003256539498514583
ck_e3e95546a84d0ed8,0.030858082905935724
ck_3135c019696ee6af,0.9719009784341882
ck_41ba315d8fccb559,0.004885612394452245
ck_72b86e4485da2d0f,0.981601370095147
ck_daaa995f3c2f0e47,0.034261777553205405
ck_053746067839696b,0.010569992206777606
ck_a15fe7d0f4b65c33,0.6547289372277608
ck_15de11438732bb05,0.006220786060525438
ck_2c4d25acbe3fabd9,0.11935583707901765
ck_7f08078908599bd2,0.06324164529185858
ck_e794741742fb2619,0.010832589530134436
ck_238e53b6dee8c301,0.003646781161955463
ck_53a6a33060d5c8b8,0.007366543393750043
ck_0e0919292ad33472,0.5678247057371184
ck_d86ccf148c06c8c8,0.03172630452663546
ck_c881f26c9bf9ae42,0.47010321619122863
ck_4b0947bf94e9d847,0.02396189431676292
ck_e10ff5c38bd18470,0.01805345994763734
ck_b60de9e97aad9e45,0.536458909837108
ck_190bc849e5ff5401,0.028167327748303557
ck_e7be077aa0b2632c,0.003688841290871646
ck_a51abde881ebeff3,0.07060625421391264
ck_2208392a9f6bd249,0.022217748791463328
ck_0259da8f109017e9,0.002745271939716093
ck_05e01ab9c95449da,0.012465784802316315
ck_c82897ebffb6ae66,0.006366854578799883
ck_b4a6bb4689cd7cfa,0.025446494778490567
ck_9e21ea33018ce538,0.020122299435000345
ck_caa348f0e65db062,0.9862602068205917
ck_a964e6b5d8415334,0.31609804685083487
ck_510bfbbee37ff436,0.0057379609191299885
ck_9741a82faf5c7889,0.046819752309056425
ck_e7f61b4a39ba98ac,0.003007813261584354
ck_069d158665a53909,0.022597053960306923
ck_6426427efe3228af,0.02991334424949695
ck_ab4a8d02ec3c0fd7,0.0009781746624592223
ck_aefa0d8d933e0eca,0.029470371859292126
ck_232325ef6bce92f1,0.016019284675810284
ck_14e58c3fb26a2b4d,0.020479287209590444
ck_06e73afdec26aecc,0.07061393299048692
ck_3168f4f2778d64e1,0.01241215282342889
ck_ff3998d6858daa21,0.0009886280005008048
ck_bccff46fb0868454,0.23258551507425276
ck_c7d444d90fa86d7c,0.7063896374560656
ck_f0bc3bdee6bfbb94,0.02390580482074081
ck_f7112818a6d81422,0.040861917435719305
ck_aca35dbcb835ad02,0.051098814623899626
ck_f637fabf0f60528f,0.02428795738897086
ck_53d17ab97de1ac3e,0.005383363032004047
ck_c8c1bf16d9113493,0.05665426012438459
ck_e842fb0cf055a83b,0.05337471622627925
ck_93c0cb3dac4891fe,0.00808349786633709
ck_0c1f088e17e46daf,0.022576007137339343
ck_8f4b384955bf57c9,0.007639810288992566
ck_09cd5c4df1e81ac2,0.04151312078617597
ck_1e832a5b2342554f,0.0331749412054773
ck_2cb763a881aee27f,0.0035751851504923927
ck_5875828b11406398,0.01649879877597102
ck_48e84b0cb0b90fa7,0.014252472030137221
ck_833688de8629c5c0,0.0012905062591555805
ck_117d78ccd5820f36,0.009814324551976016
ck_668ec61c4c39cae3,0.002360023123098426
ck_73a7794b659d7a34,0.0008646415687112571
ck_10f90d879209734f,0.007653358885493792
ck_d1d079913aa158bf,0.0036067869304200408
ck_01c631b38e8a9535,0.029122445079886868
ck_f6923088c17a04e2,0.1821593676457264
ck_b447badc9138987d,0.001361946559355912
ck_8b772caed8f1541c,0.009970376245128766
ck_5403c76fe68a08ba,0.4370353343124809
ck_3e6833574edf1736,0.011679222079966842
ck_e527fbb9450a4581,0.883940461670887
ck_cc90e219f1ebf390,0.0009979166913137206
